case:concept:name,concept:name,time:timestamp
synthetic_1,START,2024-01-01 00:00:00
synthetic_1,START,2024-01-01 01:00:00
synthetic_1,START,2024-01-01 02:00:00
synthetic_1,5,2024-01-01 03:00:00
synthetic_1,START,2024-01-01 04:00:00
synthetic_1,START,2024-01-01 05:00:00
synthetic_2,START,2024-01-01 00:00:00
synthetic_2,START,2024-01-01 01:00:00
synthetic_2,START,2024-01-01 02:00:00
synthetic_2,START,2024-01-01 03:00:00
synthetic_2,START,2024-01-01 04:00:00
synthetic_2,START,2024-01-01 05:00:00
synthetic_3,START,2024-01-01 00:00:00
synthetic_3,START,2024-01-01 01:00:00
synthetic_3,9,2024-01-01 02:00:00
synthetic_3,START,2024-01-01 03:00:00
synthetic_3,1,2024-01-01 04:00:00
synthetic_3,5,2024-01-01 05:00:00
synthetic_3,1,2024-01-01 06:00:00
synthetic_4,START,2024-01-01 00:00:00
synthetic_4,START,2024-01-01 01:00:00
synthetic_4,START,2024-01-01 02:00:00
synthetic_4,START,2024-01-01 03:00:00
synthetic_4,START,2024-01-01 04:00:00
synthetic_4,START,2024-01-01 05:00:00
synthetic_4,7,2024-01-01 06:00:00
synthetic_5,START,2024-01-01 00:00:00
synthetic_5,5,2024-01-01 01:00:00
synthetic_5,START,2024-01-01 02:00:00
synthetic_5,8,2024-01-01 03:00:00
synthetic_5,4,2024-01-01 04:00:00
synthetic_6,START,2024-01-01 00:00:00
synthetic_6,START,2024-01-01 01:00:00
synthetic_6,START,2024-01-01 02:00:00
synthetic_6,3,2024-01-01 03:00:00
synthetic_6,3,2024-01-01 04:00:00
synthetic_6,4,2024-01-01 05:00:00
synthetic_6,5,2024-01-01 06:00:00
synthetic_6,START,2024-01-01 07:00:00
synthetic_6,2,2024-01-01 08:00:00
synthetic_6,9,2024-01-01 09:00:00
synthetic_7,START,2024-01-01 00:00:00
synthetic_7,START,2024-01-01 01:00:00
synthetic_7,5,2024-01-01 02:00:00
synthetic_7,START,2024-01-01 03:00:00
synthetic_7,5,2024-01-01 04:00:00
synthetic_7,3,2024-01-01 05:00:00
synthetic_7,7,2024-01-01 06:00:00
synthetic_7,5,2024-01-01 07:00:00
synthetic_8,START,2024-01-01 00:00:00
synthetic_8,START,2024-01-01 01:00:00
synthetic_8,START,2024-01-01 02:00:00
synthetic_8,START,2024-01-01 03:00:00
synthetic_8,START,2024-01-01 04:00:00
synthetic_8,1,2024-01-01 05:00:00
synthetic_8,2,2024-01-01 06:00:00
synthetic_8,3,2024-01-01 07:00:00
synthetic_8,3,2024-01-01 08:00:00
synthetic_9,START,2024-01-01 00:00:00
synthetic_9,START,2024-01-01 01:00:00
synthetic_9,4,2024-01-01 02:00:00
synthetic_9,START,2024-01-01 03:00:00
synthetic_9,1,2024-01-01 04:00:00
synthetic_9,5,2024-01-01 05:00:00
synthetic_10,START,2024-01-01 00:00:00
synthetic_10,5,2024-01-01 01:00:00
synthetic_10,9,2024-01-01 02:00:00
synthetic_10,6,2024-01-01 03:00:00
synthetic_10,7,2024-01-01 04:00:00
synthetic_10,5,2024-01-01 05:00:00
synthetic_11,1,2024-01-01 00:00:00
synthetic_11,START,2024-01-01 01:00:00
synthetic_11,5,2024-01-01 02:00:00
synthetic_11,START,2024-01-01 03:00:00
synthetic_11,START,2024-01-01 04:00:00
synthetic_11,2,2024-01-01 05:00:00
synthetic_12,START,2024-01-01 00:00:00
synthetic_12,START,2024-01-01 01:00:00
synthetic_12,3,2024-01-01 02:00:00
synthetic_12,2,2024-01-01 03:00:00
synthetic_12,START,2024-01-01 04:00:00
synthetic_12,START,2024-01-01 05:00:00
synthetic_12,3,2024-01-01 06:00:00
synthetic_12,5,2024-01-01 07:00:00
synthetic_13,START,2024-01-01 00:00:00
synthetic_13,START,2024-01-01 01:00:00
synthetic_13,6,2024-01-01 02:00:00
synthetic_13,START,2024-01-01 03:00:00
synthetic_13,START,2024-01-01 04:00:00
synthetic_13,3,2024-01-01 05:00:00
synthetic_13,7,2024-01-01 06:00:00
synthetic_14,START,2024-01-01 00:00:00
synthetic_14,START,2024-01-01 01:00:00
synthetic_14,START,2024-01-01 02:00:00
synthetic_14,START,2024-01-01 03:00:00
synthetic_14,8,2024-01-01 04:00:00
synthetic_14,3,2024-01-01 05:00:00
synthetic_14,7,2024-01-01 06:00:00
synthetic_14,3,2024-01-01 07:00:00
synthetic_14,6,2024-01-01 08:00:00
synthetic_14,7,2024-01-01 09:00:00
synthetic_15,START,2024-01-01 00:00:00
synthetic_15,3,2024-01-01 01:00:00
synthetic_15,START,2024-01-01 02:00:00
synthetic_15,3,2024-01-01 03:00:00
synthetic_15,9,2024-01-01 04:00:00
synthetic_15,9,2024-01-01 05:00:00
synthetic_15,START,2024-01-01 06:00:00
synthetic_16,START,2024-01-01 00:00:00
synthetic_16,1,2024-01-01 01:00:00
synthetic_16,2,2024-01-01 02:00:00
synthetic_16,START,2024-01-01 03:00:00
synthetic_16,2,2024-01-01 04:00:00
synthetic_16,START,2024-01-01 05:00:00
synthetic_16,5,2024-01-01 06:00:00
synthetic_16,4,2024-01-01 07:00:00
synthetic_16,START,2024-01-01 08:00:00
synthetic_16,1,2024-01-01 09:00:00
synthetic_17,START,2024-01-01 00:00:00
synthetic_17,1,2024-01-01 01:00:00
synthetic_17,START,2024-01-01 02:00:00
synthetic_17,START,2024-01-01 03:00:00
synthetic_17,START,2024-01-01 04:00:00
synthetic_17,START,2024-01-01 05:00:00
synthetic_18,START,2024-01-01 00:00:00
synthetic_18,START,2024-01-01 01:00:00
synthetic_18,START,2024-01-01 02:00:00
synthetic_18,START,2024-01-01 03:00:00
synthetic_18,9,2024-01-01 04:00:00
synthetic_18,5,2024-01-01 05:00:00
synthetic_19,6,2024-01-01 00:00:00
synthetic_19,1,2024-01-01 01:00:00
synthetic_19,1,2024-01-01 02:00:00
synthetic_19,4,2024-01-01 03:00:00
synthetic_19,3,2024-01-01 04:00:00
synthetic_19,8,2024-01-01 05:00:00
synthetic_20,START,2024-01-01 00:00:00
synthetic_20,START,2024-01-01 01:00:00
synthetic_20,1,2024-01-01 02:00:00
synthetic_20,START,2024-01-01 03:00:00
synthetic_20,5,2024-01-01 04:00:00
synthetic_20,6,2024-01-01 05:00:00
synthetic_20,3,2024-01-01 06:00:00
synthetic_21,START,2024-01-01 00:00:00
synthetic_21,START,2024-01-01 01:00:00
synthetic_21,START,2024-01-01 02:00:00
synthetic_21,3,2024-01-01 03:00:00
synthetic_21,START,2024-01-01 04:00:00
synthetic_22,START,2024-01-01 00:00:00
synthetic_22,START,2024-01-01 01:00:00
synthetic_22,2,2024-01-01 02:00:00
synthetic_22,START,2024-01-01 03:00:00
synthetic_22,2,2024-01-01 04:00:00
synthetic_22,6,2024-01-01 05:00:00
synthetic_22,6,2024-01-01 06:00:00
synthetic_22,1,2024-01-01 07:00:00
synthetic_23,START,2024-01-01 00:00:00
synthetic_23,START,2024-01-01 01:00:00
synthetic_23,START,2024-01-01 02:00:00
synthetic_23,5,2024-01-01 03:00:00
synthetic_23,4,2024-01-01 04:00:00
synthetic_23,8,2024-01-01 05:00:00
synthetic_23,1,2024-01-01 06:00:00
synthetic_24,START,2024-01-01 00:00:00
synthetic_24,START,2024-01-01 01:00:00
synthetic_24,START,2024-01-01 02:00:00
synthetic_24,START,2024-01-01 03:00:00
synthetic_24,2,2024-01-01 04:00:00
synthetic_24,1,2024-01-01 05:00:00
synthetic_24,START,2024-01-01 06:00:00
synthetic_24,START,2024-01-01 07:00:00
synthetic_24,9,2024-01-01 08:00:00
synthetic_25,START,2024-01-01 00:00:00
synthetic_25,START,2024-01-01 01:00:00
synthetic_25,START,2024-01-01 02:00:00
synthetic_25,8,2024-01-01 03:00:00
synthetic_25,1,2024-01-01 04:00:00
synthetic_25,4,2024-01-01 05:00:00
synthetic_26,START,2024-01-01 00:00:00
synthetic_26,1,2024-01-01 01:00:00
synthetic_26,START,2024-01-01 02:00:00
synthetic_26,5,2024-01-01 03:00:00
synthetic_26,6,2024-01-01 04:00:00
synthetic_26,START,2024-01-01 05:00:00
synthetic_26,START,2024-01-01 06:00:00
synthetic_27,START,2024-01-01 00:00:00
synthetic_27,1,2024-01-01 01:00:00
synthetic_27,START,2024-01-01 02:00:00
synthetic_27,3,2024-01-01 03:00:00
synthetic_27,1,2024-01-01 04:00:00
synthetic_27,START,2024-01-01 05:00:00
synthetic_27,6,2024-01-01 06:00:00
synthetic_27,START,2024-01-01 07:00:00
synthetic_27,8,2024-01-01 08:00:00
synthetic_28,START,2024-01-01 00:00:00
synthetic_28,START,2024-01-01 01:00:00
synthetic_28,START,2024-01-01 02:00:00
synthetic_28,1,2024-01-01 03:00:00
synthetic_28,8,2024-01-01 04:00:00
synthetic_28,6,2024-01-01 05:00:00
synthetic_28,3,2024-01-01 06:00:00
synthetic_28,5,2024-01-01 07:00:00
synthetic_28,3,2024-01-01 08:00:00
synthetic_29,2,2024-01-01 00:00:00
synthetic_29,9,2024-01-01 01:00:00
synthetic_29,START,2024-01-01 02:00:00
synthetic_29,4,2024-01-01 03:00:00
synthetic_29,8,2024-01-01 04:00:00
synthetic_29,START,2024-01-01 05:00:00
synthetic_29,6,2024-01-01 06:00:00
synthetic_29,9,2024-01-01 07:00:00
synthetic_30,START,2024-01-01 00:00:00
synthetic_30,START,2024-01-01 01:00:00
synthetic_30,START,2024-01-01 02:00:00
synthetic_30,START,2024-01-01 03:00:00
synthetic_30,START,2024-01-01 04:00:00
synthetic_30,7,2024-01-01 05:00:00
synthetic_30,START,2024-01-01 06:00:00
synthetic_30,2,2024-01-01 07:00:00
synthetic_30,6,2024-01-01 08:00:00
synthetic_31,START,2024-01-01 00:00:00
synthetic_31,START,2024-01-01 01:00:00
synthetic_31,START,2024-01-01 02:00:00
synthetic_31,9,2024-01-01 03:00:00
synthetic_31,START,2024-01-01 04:00:00
synthetic_31,6,2024-01-01 05:00:00
synthetic_31,START,2024-01-01 06:00:00
synthetic_32,START,2024-01-01 00:00:00
synthetic_32,9,2024-01-01 01:00:00
synthetic_32,START,2024-01-01 02:00:00
synthetic_32,2,2024-01-01 03:00:00
synthetic_32,8,2024-01-01 04:00:00
synthetic_32,START,2024-01-01 05:00:00
synthetic_32,1,2024-01-01 06:00:00
synthetic_32,2,2024-01-01 07:00:00
synthetic_32,2,2024-01-01 08:00:00
synthetic_32,7,2024-01-01 09:00:00
synthetic_33,START,2024-01-01 00:00:00
synthetic_33,START,2024-01-01 01:00:00
synthetic_33,START,2024-01-01 02:00:00
synthetic_33,START,2024-01-01 03:00:00
synthetic_33,START,2024-01-01 04:00:00
synthetic_33,START,2024-01-01 05:00:00
synthetic_33,6,2024-01-01 06:00:00
synthetic_34,START,2024-01-01 00:00:00
synthetic_34,START,2024-01-01 01:00:00
synthetic_34,START,2024-01-01 02:00:00
synthetic_34,4,2024-01-01 03:00:00
synthetic_34,5,2024-01-01 04:00:00
synthetic_34,2,2024-01-01 05:00:00
synthetic_34,3,2024-01-01 06:00:00
synthetic_35,START,2024-01-01 00:00:00
synthetic_35,START,2024-01-01 01:00:00
synthetic_35,7,2024-01-01 02:00:00
synthetic_35,1,2024-01-01 03:00:00
synthetic_35,5,2024-01-01 04:00:00
synthetic_36,START,2024-01-01 00:00:00
synthetic_36,9,2024-01-01 01:00:00
synthetic_36,START,2024-01-01 02:00:00
synthetic_36,4,2024-01-01 03:00:00
synthetic_36,4,2024-01-01 04:00:00
synthetic_36,9,2024-01-01 05:00:00
synthetic_37,START,2024-01-01 00:00:00
synthetic_37,START,2024-01-01 01:00:00
synthetic_37,5,2024-01-01 02:00:00
synthetic_37,4,2024-01-01 03:00:00
synthetic_37,START,2024-01-01 04:00:00
synthetic_37,7,2024-01-01 05:00:00
synthetic_37,3,2024-01-01 06:00:00
synthetic_37,START,2024-01-01 07:00:00
synthetic_38,START,2024-01-01 00:00:00
synthetic_38,START,2024-01-01 01:00:00
synthetic_38,START,2024-01-01 02:00:00
synthetic_38,START,2024-01-01 03:00:00
synthetic_38,1,2024-01-01 04:00:00
synthetic_38,1,2024-01-01 05:00:00
synthetic_38,2,2024-01-01 06:00:00
synthetic_39,START,2024-01-01 00:00:00
synthetic_39,5,2024-01-01 01:00:00
synthetic_39,START,2024-01-01 02:00:00
synthetic_39,START,2024-01-01 03:00:00
synthetic_39,START,2024-01-01 04:00:00
synthetic_39,START,2024-01-01 05:00:00
synthetic_39,1,2024-01-01 06:00:00
synthetic_39,START,2024-01-01 07:00:00
synthetic_39,9,2024-01-01 08:00:00
synthetic_39,START,2024-01-01 09:00:00
synthetic_40,START,2024-01-01 00:00:00
synthetic_40,7,2024-01-01 01:00:00
synthetic_40,START,2024-01-01 02:00:00
synthetic_40,5,2024-01-01 03:00:00
synthetic_40,START,2024-01-01 04:00:00
synthetic_40,1,2024-01-01 05:00:00
synthetic_40,5,2024-01-01 06:00:00
synthetic_41,START,2024-01-01 00:00:00
synthetic_41,START,2024-01-01 01:00:00
synthetic_41,START,2024-01-01 02:00:00
synthetic_41,START,2024-01-01 03:00:00
synthetic_41,3,2024-01-01 04:00:00
synthetic_41,START,2024-01-01 05:00:00
synthetic_41,5,2024-01-01 06:00:00
synthetic_41,1,2024-01-01 07:00:00
synthetic_41,6,2024-01-01 08:00:00
synthetic_42,7,2024-01-01 00:00:00
synthetic_42,START,2024-01-01 01:00:00
synthetic_42,START,2024-01-01 02:00:00
synthetic_42,START,2024-01-01 03:00:00
synthetic_42,3,2024-01-01 04:00:00
synthetic_42,6,2024-01-01 05:00:00
synthetic_42,6,2024-01-01 06:00:00
synthetic_42,6,2024-01-01 07:00:00
synthetic_43,START,2024-01-01 00:00:00
synthetic_43,START,2024-01-01 01:00:00
synthetic_43,START,2024-01-01 02:00:00
synthetic_43,1,2024-01-01 03:00:00
synthetic_43,5,2024-01-01 04:00:00
synthetic_43,START,2024-01-01 05:00:00
synthetic_43,1,2024-01-01 06:00:00
synthetic_43,START,2024-01-01 07:00:00
synthetic_44,START,2024-01-01 00:00:00
synthetic_44,8,2024-01-01 01:00:00
synthetic_44,START,2024-01-01 02:00:00
synthetic_44,1,2024-01-01 03:00:00
synthetic_44,START,2024-01-01 04:00:00
synthetic_45,START,2024-01-01 00:00:00
synthetic_45,START,2024-01-01 01:00:00
synthetic_45,START,2024-01-01 02:00:00
synthetic_45,START,2024-01-01 03:00:00
synthetic_45,9,2024-01-01 04:00:00
synthetic_45,6,2024-01-01 05:00:00
synthetic_45,1,2024-01-01 06:00:00
synthetic_45,9,2024-01-01 07:00:00
synthetic_46,START,2024-01-01 00:00:00
synthetic_46,START,2024-01-01 01:00:00
synthetic_46,START,2024-01-01 02:00:00
synthetic_46,START,2024-01-01 03:00:00
synthetic_46,5,2024-01-01 04:00:00
synthetic_46,1,2024-01-01 05:00:00
synthetic_46,START,2024-01-01 06:00:00
synthetic_46,6,2024-01-01 07:00:00
synthetic_47,START,2024-01-01 00:00:00
synthetic_47,7,2024-01-01 01:00:00
synthetic_47,START,2024-01-01 02:00:00
synthetic_47,1,2024-01-01 03:00:00
synthetic_47,START,2024-01-01 04:00:00
synthetic_47,9,2024-01-01 05:00:00
synthetic_47,5,2024-01-01 06:00:00
synthetic_48,START,2024-01-01 00:00:00
synthetic_48,START,2024-01-01 01:00:00
synthetic_48,START,2024-01-01 02:00:00
synthetic_48,3,2024-01-01 03:00:00
synthetic_48,8,2024-01-01 04:00:00
synthetic_48,6,2024-01-01 05:00:00
synthetic_48,6,2024-01-01 06:00:00
synthetic_48,START,2024-01-01 07:00:00
synthetic_49,START,2024-01-01 00:00:00
synthetic_49,START,2024-01-01 01:00:00
synthetic_49,START,2024-01-01 02:00:00
synthetic_49,5,2024-01-01 03:00:00
synthetic_49,5,2024-01-01 04:00:00
synthetic_50,START,2024-01-01 00:00:00
synthetic_50,START,2024-01-01 01:00:00
synthetic_50,START,2024-01-01 02:00:00
synthetic_50,START,2024-01-01 03:00:00
synthetic_50,7,2024-01-01 04:00:00
synthetic_50,9,2024-01-01 05:00:00
synthetic_50,3,2024-01-01 06:00:00
synthetic_51,7,2024-01-01 00:00:00
synthetic_51,START,2024-01-01 01:00:00
synthetic_51,START,2024-01-01 02:00:00
synthetic_51,3,2024-01-01 03:00:00
synthetic_51,START,2024-01-01 04:00:00
synthetic_51,6,2024-01-01 05:00:00
synthetic_51,START,2024-01-01 06:00:00
synthetic_51,6,2024-01-01 07:00:00
synthetic_51,2,2024-01-01 08:00:00
synthetic_52,START,2024-01-01 00:00:00
synthetic_52,4,2024-01-01 01:00:00
synthetic_52,START,2024-01-01 02:00:00
synthetic_52,START,2024-01-01 03:00:00
synthetic_52,2,2024-01-01 04:00:00
synthetic_52,9,2024-01-01 05:00:00
synthetic_52,1,2024-01-01 06:00:00
synthetic_53,START,2024-01-01 00:00:00
synthetic_53,7,2024-01-01 01:00:00
synthetic_53,START,2024-01-01 02:00:00
synthetic_53,3,2024-01-01 03:00:00
synthetic_53,1,2024-01-01 04:00:00
synthetic_53,START,2024-01-01 05:00:00
synthetic_54,6,2024-01-01 00:00:00
synthetic_54,START,2024-01-01 01:00:00
synthetic_54,START,2024-01-01 02:00:00
synthetic_54,START,2024-01-01 03:00:00
synthetic_54,START,2024-01-01 04:00:00
synthetic_54,START,2024-01-01 05:00:00
synthetic_55,START,2024-01-01 00:00:00
synthetic_55,START,2024-01-01 01:00:00
synthetic_55,6,2024-01-01 02:00:00
synthetic_55,START,2024-01-01 03:00:00
synthetic_55,START,2024-01-01 04:00:00
synthetic_55,START,2024-01-01 05:00:00
synthetic_55,START,2024-01-01 06:00:00
synthetic_55,START,2024-01-01 07:00:00
synthetic_55,5,2024-01-01 08:00:00
synthetic_56,START,2024-01-01 00:00:00
synthetic_56,START,2024-01-01 01:00:00
synthetic_56,START,2024-01-01 02:00:00
synthetic_56,START,2024-01-01 03:00:00
synthetic_56,5,2024-01-01 04:00:00
synthetic_56,5,2024-01-01 05:00:00
synthetic_56,1,2024-01-01 06:00:00
synthetic_57,3,2024-01-01 00:00:00
synthetic_57,START,2024-01-01 01:00:00
synthetic_57,START,2024-01-01 02:00:00
synthetic_57,START,2024-01-01 03:00:00
synthetic_57,8,2024-01-01 04:00:00
synthetic_58,START,2024-01-01 00:00:00
synthetic_58,START,2024-01-01 01:00:00
synthetic_58,9,2024-01-01 02:00:00
synthetic_58,6,2024-01-01 03:00:00
synthetic_58,7,2024-01-01 04:00:00
synthetic_58,5,2024-01-01 05:00:00
synthetic_59,START,2024-01-01 00:00:00
synthetic_59,START,2024-01-01 01:00:00
synthetic_59,START,2024-01-01 02:00:00
synthetic_59,START,2024-01-01 03:00:00
synthetic_59,4,2024-01-01 04:00:00
synthetic_60,7,2024-01-01 00:00:00
synthetic_60,9,2024-01-01 01:00:00
synthetic_60,1,2024-01-01 02:00:00
synthetic_60,1,2024-01-01 03:00:00
synthetic_60,2,2024-01-01 04:00:00
synthetic_60,5,2024-01-01 05:00:00
synthetic_61,START,2024-01-01 00:00:00
synthetic_61,START,2024-01-01 01:00:00
synthetic_61,START,2024-01-01 02:00:00
synthetic_61,9,2024-01-01 03:00:00
synthetic_61,START,2024-01-01 04:00:00
synthetic_61,START,2024-01-01 05:00:00
synthetic_61,6,2024-01-01 06:00:00
synthetic_62,START,2024-01-01 00:00:00
synthetic_62,START,2024-01-01 01:00:00
synthetic_62,1,2024-01-01 02:00:00
synthetic_62,9,2024-01-01 03:00:00
synthetic_62,2,2024-01-01 04:00:00
synthetic_62,START,2024-01-01 05:00:00
synthetic_62,1,2024-01-01 06:00:00
synthetic_62,4,2024-01-01 07:00:00
synthetic_63,START,2024-01-01 00:00:00
synthetic_63,START,2024-01-01 01:00:00
synthetic_63,START,2024-01-01 02:00:00
synthetic_63,START,2024-01-01 03:00:00
synthetic_63,2,2024-01-01 04:00:00
synthetic_63,START,2024-01-01 05:00:00
synthetic_64,START,2024-01-01 00:00:00
synthetic_64,START,2024-01-01 01:00:00
synthetic_64,START,2024-01-01 02:00:00
synthetic_64,START,2024-01-01 03:00:00
synthetic_64,START,2024-01-01 04:00:00
synthetic_64,START,2024-01-01 05:00:00
synthetic_64,START,2024-01-01 06:00:00
synthetic_64,4,2024-01-01 07:00:00
synthetic_65,6,2024-01-01 00:00:00
synthetic_65,START,2024-01-01 01:00:00
synthetic_65,START,2024-01-01 02:00:00
synthetic_65,3,2024-01-01 03:00:00
synthetic_65,START,2024-01-01 04:00:00
synthetic_65,9,2024-01-01 05:00:00
synthetic_65,START,2024-01-01 06:00:00
synthetic_65,START,2024-01-01 07:00:00
synthetic_65,1,2024-01-01 08:00:00
synthetic_65,3,2024-01-01 09:00:00
synthetic_66,START,2024-01-01 00:00:00
synthetic_66,START,2024-01-01 01:00:00
synthetic_66,3,2024-01-01 02:00:00
synthetic_66,1,2024-01-01 03:00:00
synthetic_66,5,2024-01-01 04:00:00
synthetic_66,1,2024-01-01 05:00:00
synthetic_67,START,2024-01-01 00:00:00
synthetic_67,START,2024-01-01 01:00:00
synthetic_67,9,2024-01-01 02:00:00
synthetic_67,START,2024-01-01 03:00:00
synthetic_67,2,2024-01-01 04:00:00
synthetic_67,3,2024-01-01 05:00:00
synthetic_68,START,2024-01-01 00:00:00
synthetic_68,1,2024-01-01 01:00:00
synthetic_68,START,2024-01-01 02:00:00
synthetic_68,START,2024-01-01 03:00:00
synthetic_68,3,2024-01-01 04:00:00
synthetic_68,2,2024-01-01 05:00:00
synthetic_68,8,2024-01-01 06:00:00
synthetic_69,START,2024-01-01 00:00:00
synthetic_69,START,2024-01-01 01:00:00
synthetic_69,START,2024-01-01 02:00:00
synthetic_69,START,2024-01-01 03:00:00
synthetic_69,START,2024-01-01 04:00:00
synthetic_69,7,2024-01-01 05:00:00
synthetic_69,6,2024-01-01 06:00:00
synthetic_69,1,2024-01-01 07:00:00
synthetic_69,2,2024-01-01 08:00:00
synthetic_69,8,2024-01-01 09:00:00
synthetic_70,START,2024-01-01 00:00:00
synthetic_70,9,2024-01-01 01:00:00
synthetic_70,3,2024-01-01 02:00:00
synthetic_70,START,2024-01-01 03:00:00
synthetic_70,6,2024-01-01 04:00:00
synthetic_70,5,2024-01-01 05:00:00
synthetic_71,START,2024-01-01 00:00:00
synthetic_71,5,2024-01-01 01:00:00
synthetic_71,START,2024-01-01 02:00:00
synthetic_71,4,2024-01-01 03:00:00
synthetic_71,1,2024-01-01 04:00:00
synthetic_71,START,2024-01-01 05:00:00
synthetic_71,START,2024-01-01 06:00:00
synthetic_71,6,2024-01-01 07:00:00
synthetic_71,START,2024-01-01 08:00:00
synthetic_72,START,2024-01-01 00:00:00
synthetic_72,START,2024-01-01 01:00:00
synthetic_72,START,2024-01-01 02:00:00
synthetic_72,3,2024-01-01 03:00:00
synthetic_72,6,2024-01-01 04:00:00
synthetic_72,4,2024-01-01 05:00:00
synthetic_73,START,2024-01-01 00:00:00
synthetic_73,START,2024-01-01 01:00:00
synthetic_73,START,2024-01-01 02:00:00
synthetic_73,2,2024-01-01 03:00:00
synthetic_73,5,2024-01-01 04:00:00
synthetic_73,3,2024-01-01 05:00:00
synthetic_74,START,2024-01-01 00:00:00
synthetic_74,5,2024-01-01 01:00:00
synthetic_74,START,2024-01-01 02:00:00
synthetic_74,1,2024-01-01 03:00:00
synthetic_75,START,2024-01-01 00:00:00
synthetic_75,START,2024-01-01 01:00:00
synthetic_75,START,2024-01-01 02:00:00
synthetic_75,3,2024-01-01 03:00:00
synthetic_75,START,2024-01-01 04:00:00
synthetic_76,START,2024-01-01 00:00:00
synthetic_76,START,2024-01-01 01:00:00
synthetic_76,START,2024-01-01 02:00:00
synthetic_76,START,2024-01-01 03:00:00
synthetic_76,1,2024-01-01 04:00:00
synthetic_76,3,2024-01-01 05:00:00
synthetic_76,START,2024-01-01 06:00:00
synthetic_76,2,2024-01-01 07:00:00
synthetic_76,START,2024-01-01 08:00:00
synthetic_76,1,2024-01-01 09:00:00
synthetic_77,START,2024-01-01 00:00:00
synthetic_77,2,2024-01-01 01:00:00
synthetic_77,5,2024-01-01 02:00:00
synthetic_77,2,2024-01-01 03:00:00
synthetic_77,START,2024-01-01 04:00:00
synthetic_77,START,2024-01-01 05:00:00
synthetic_77,3,2024-01-01 06:00:00
synthetic_77,6,2024-01-01 07:00:00
synthetic_78,START,2024-01-01 00:00:00
synthetic_78,START,2024-01-01 01:00:00
synthetic_78,START,2024-01-01 02:00:00
synthetic_78,8,2024-01-01 03:00:00
synthetic_78,2,2024-01-01 04:00:00
synthetic_78,START,2024-01-01 05:00:00
synthetic_78,1,2024-01-01 06:00:00
synthetic_79,START,2024-01-01 00:00:00
synthetic_79,START,2024-01-01 01:00:00
synthetic_79,5,2024-01-01 02:00:00
synthetic_79,START,2024-01-01 03:00:00
synthetic_79,5,2024-01-01 04:00:00
synthetic_79,START,2024-01-01 05:00:00
synthetic_79,START,2024-01-01 06:00:00
synthetic_80,START,2024-01-01 00:00:00
synthetic_80,START,2024-01-01 01:00:00
synthetic_80,START,2024-01-01 02:00:00
synthetic_80,START,2024-01-01 03:00:00
synthetic_80,8,2024-01-01 04:00:00
synthetic_80,1,2024-01-01 05:00:00
synthetic_81,1,2024-01-01 00:00:00
synthetic_81,1,2024-01-01 01:00:00
synthetic_81,START,2024-01-01 02:00:00
synthetic_81,5,2024-01-01 03:00:00
synthetic_81,START,2024-01-01 04:00:00
synthetic_81,2,2024-01-01 05:00:00
synthetic_81,START,2024-01-01 06:00:00
synthetic_82,START,2024-01-01 00:00:00
synthetic_82,2,2024-01-01 01:00:00
synthetic_82,START,2024-01-01 02:00:00
synthetic_82,START,2024-01-01 03:00:00
synthetic_82,5,2024-01-01 04:00:00
synthetic_82,5,2024-01-01 05:00:00
synthetic_82,2,2024-01-01 06:00:00
synthetic_83,START,2024-01-01 00:00:00
synthetic_83,START,2024-01-01 01:00:00
synthetic_83,START,2024-01-01 02:00:00
synthetic_83,5,2024-01-01 03:00:00
synthetic_83,1,2024-01-01 04:00:00
synthetic_83,4,2024-01-01 05:00:00
synthetic_83,1,2024-01-01 06:00:00
synthetic_83,START,2024-01-01 07:00:00
synthetic_84,START,2024-01-01 00:00:00
synthetic_84,5,2024-01-01 01:00:00
synthetic_84,START,2024-01-01 02:00:00
synthetic_84,START,2024-01-01 03:00:00
synthetic_84,7,2024-01-01 04:00:00
synthetic_84,4,2024-01-01 05:00:00
synthetic_84,2,2024-01-01 06:00:00
synthetic_84,START,2024-01-01 07:00:00
synthetic_85,1,2024-01-01 00:00:00
synthetic_85,START,2024-01-01 01:00:00
synthetic_85,START,2024-01-01 02:00:00
synthetic_85,6,2024-01-01 03:00:00
synthetic_85,7,2024-01-01 04:00:00
synthetic_85,START,2024-01-01 05:00:00
synthetic_85,6,2024-01-01 06:00:00
synthetic_86,1,2024-01-01 00:00:00
synthetic_86,6,2024-01-01 01:00:00
synthetic_86,1,2024-01-01 02:00:00
synthetic_86,START,2024-01-01 03:00:00
synthetic_86,START,2024-01-01 04:00:00
synthetic_86,2,2024-01-01 05:00:00
synthetic_86,2,2024-01-01 06:00:00
synthetic_86,START,2024-01-01 07:00:00
synthetic_86,START,2024-01-01 08:00:00
synthetic_87,START,2024-01-01 00:00:00
synthetic_87,START,2024-01-01 01:00:00
synthetic_87,START,2024-01-01 02:00:00
synthetic_87,START,2024-01-01 03:00:00
synthetic_87,5,2024-01-01 04:00:00
synthetic_88,5,2024-01-01 00:00:00
synthetic_88,START,2024-01-01 01:00:00
synthetic_88,START,2024-01-01 02:00:00
synthetic_88,START,2024-01-01 03:00:00
synthetic_88,START,2024-01-01 04:00:00
synthetic_88,START,2024-01-01 05:00:00
synthetic_88,START,2024-01-01 06:00:00
synthetic_89,START,2024-01-01 00:00:00
synthetic_89,START,2024-01-01 01:00:00
synthetic_89,START,2024-01-01 02:00:00
synthetic_89,7,2024-01-01 03:00:00
synthetic_89,START,2024-01-01 04:00:00
synthetic_89,6,2024-01-01 05:00:00
synthetic_89,7,2024-01-01 06:00:00
synthetic_90,START,2024-01-01 00:00:00
synthetic_90,START,2024-01-01 01:00:00
synthetic_90,START,2024-01-01 02:00:00
synthetic_90,1,2024-01-01 03:00:00
synthetic_90,5,2024-01-01 04:00:00
synthetic_90,9,2024-01-01 05:00:00
synthetic_90,2,2024-01-01 06:00:00
synthetic_91,START,2024-01-01 00:00:00
synthetic_91,START,2024-01-01 01:00:00
synthetic_91,START,2024-01-01 02:00:00
synthetic_91,START,2024-01-01 03:00:00
synthetic_91,START,2024-01-01 04:00:00
synthetic_91,START,2024-01-01 05:00:00
synthetic_91,9,2024-01-01 06:00:00
synthetic_91,START,2024-01-01 07:00:00
synthetic_92,START,2024-01-01 00:00:00
synthetic_92,START,2024-01-01 01:00:00
synthetic_92,1,2024-01-01 02:00:00
synthetic_92,START,2024-01-01 03:00:00
synthetic_92,START,2024-01-01 04:00:00
synthetic_92,7,2024-01-01 05:00:00
synthetic_92,6,2024-01-01 06:00:00
synthetic_92,START,2024-01-01 07:00:00
synthetic_93,START,2024-01-01 00:00:00
synthetic_93,START,2024-01-01 01:00:00
synthetic_93,6,2024-01-01 02:00:00
synthetic_93,START,2024-01-01 03:00:00
synthetic_93,START,2024-01-01 04:00:00
synthetic_93,3,2024-01-01 05:00:00
synthetic_93,1,2024-01-01 06:00:00
synthetic_93,5,2024-01-01 07:00:00
synthetic_94,START,2024-01-01 00:00:00
synthetic_94,START,2024-01-01 01:00:00
synthetic_94,3,2024-01-01 02:00:00
synthetic_94,4,2024-01-01 03:00:00
synthetic_94,2,2024-01-01 04:00:00
synthetic_94,1,2024-01-01 05:00:00
synthetic_94,1,2024-01-01 06:00:00
synthetic_95,START,2024-01-01 00:00:00
synthetic_95,START,2024-01-01 01:00:00
synthetic_95,START,2024-01-01 02:00:00
synthetic_95,START,2024-01-01 03:00:00
synthetic_95,1,2024-01-01 04:00:00
synthetic_96,START,2024-01-01 00:00:00
synthetic_96,START,2024-01-01 01:00:00
synthetic_96,1,2024-01-01 02:00:00
synthetic_96,4,2024-01-01 03:00:00
synthetic_96,4,2024-01-01 04:00:00
synthetic_96,3,2024-01-01 05:00:00
synthetic_96,6,2024-01-01 06:00:00
synthetic_97,8,2024-01-01 00:00:00
synthetic_97,START,2024-01-01 01:00:00
synthetic_97,START,2024-01-01 02:00:00
synthetic_97,START,2024-01-01 03:00:00
synthetic_97,5,2024-01-01 04:00:00
synthetic_97,7,2024-01-01 05:00:00
synthetic_98,START,2024-01-01 00:00:00
synthetic_98,START,2024-01-01 01:00:00
synthetic_98,START,2024-01-01 02:00:00
synthetic_98,START,2024-01-01 03:00:00
synthetic_98,START,2024-01-01 04:00:00
synthetic_98,START,2024-01-01 05:00:00
synthetic_98,START,2024-01-01 06:00:00
synthetic_98,2,2024-01-01 07:00:00
synthetic_98,START,2024-01-01 08:00:00
synthetic_98,9,2024-01-01 09:00:00
synthetic_99,3,2024-01-01 00:00:00
synthetic_99,6,2024-01-01 01:00:00
synthetic_99,START,2024-01-01 02:00:00
synthetic_99,START,2024-01-01 03:00:00
synthetic_99,3,2024-01-01 04:00:00
synthetic_99,6,2024-01-01 05:00:00
synthetic_99,1,2024-01-01 06:00:00
synthetic_99,3,2024-01-01 07:00:00
synthetic_99,3,2024-01-01 08:00:00
synthetic_100,9,2024-01-01 00:00:00
synthetic_100,START,2024-01-01 01:00:00
synthetic_100,START,2024-01-01 02:00:00
synthetic_100,START,2024-01-01 03:00:00
synthetic_100,START,2024-01-01 04:00:00
synthetic_100,3,2024-01-01 05:00:00
synthetic_101,START,2024-01-01 00:00:00
synthetic_101,START,2024-01-01 01:00:00
synthetic_101,6,2024-01-01 02:00:00
synthetic_101,START,2024-01-01 03:00:00
synthetic_101,START,2024-01-01 04:00:00
synthetic_102,START,2024-01-01 00:00:00
synthetic_102,START,2024-01-01 01:00:00
synthetic_102,START,2024-01-01 02:00:00
synthetic_102,START,2024-01-01 03:00:00
synthetic_102,START,2024-01-01 04:00:00
synthetic_102,3,2024-01-01 05:00:00
synthetic_103,START,2024-01-01 00:00:00
synthetic_103,START,2024-01-01 01:00:00
synthetic_103,START,2024-01-01 02:00:00
synthetic_103,START,2024-01-01 03:00:00
synthetic_103,START,2024-01-01 04:00:00
synthetic_103,6,2024-01-01 05:00:00
synthetic_104,3,2024-01-01 00:00:00
synthetic_104,START,2024-01-01 01:00:00
synthetic_104,START,2024-01-01 02:00:00
synthetic_104,9,2024-01-01 03:00:00
synthetic_104,9,2024-01-01 04:00:00
synthetic_104,2,2024-01-01 05:00:00
synthetic_104,5,2024-01-01 06:00:00
synthetic_104,9,2024-01-01 07:00:00
synthetic_105,START,2024-01-01 00:00:00
synthetic_105,START,2024-01-01 01:00:00
synthetic_105,6,2024-01-01 02:00:00
synthetic_105,START,2024-01-01 03:00:00
synthetic_105,8,2024-01-01 04:00:00
synthetic_105,START,2024-01-01 05:00:00
synthetic_105,START,2024-01-01 06:00:00
synthetic_106,START,2024-01-01 00:00:00
synthetic_106,START,2024-01-01 01:00:00
synthetic_106,START,2024-01-01 02:00:00
synthetic_106,START,2024-01-01 03:00:00
synthetic_106,START,2024-01-01 04:00:00
synthetic_106,6,2024-01-01 05:00:00
synthetic_106,3,2024-01-01 06:00:00
synthetic_106,5,2024-01-01 07:00:00
synthetic_107,1,2024-01-01 00:00:00
synthetic_107,9,2024-01-01 01:00:00
synthetic_107,8,2024-01-01 02:00:00
synthetic_107,START,2024-01-01 03:00:00
synthetic_107,START,2024-01-01 04:00:00
synthetic_107,5,2024-01-01 05:00:00
synthetic_107,START,2024-01-01 06:00:00
synthetic_107,3,2024-01-01 07:00:00
synthetic_108,START,2024-01-01 00:00:00
synthetic_108,START,2024-01-01 01:00:00
synthetic_108,8,2024-01-01 02:00:00
synthetic_108,1,2024-01-01 03:00:00
synthetic_108,START,2024-01-01 04:00:00
synthetic_108,2,2024-01-01 05:00:00
synthetic_109,START,2024-01-01 00:00:00
synthetic_109,5,2024-01-01 01:00:00
synthetic_109,7,2024-01-01 02:00:00
synthetic_109,START,2024-01-01 03:00:00
synthetic_109,START,2024-01-01 04:00:00
synthetic_110,6,2024-01-01 00:00:00
synthetic_110,1,2024-01-01 01:00:00
synthetic_110,START,2024-01-01 02:00:00
synthetic_110,1,2024-01-01 03:00:00
synthetic_110,2,2024-01-01 04:00:00
synthetic_110,9,2024-01-01 05:00:00
synthetic_110,2,2024-01-01 06:00:00
synthetic_110,7,2024-01-01 07:00:00
synthetic_111,START,2024-01-01 00:00:00
synthetic_111,6,2024-01-01 01:00:00
synthetic_111,5,2024-01-01 02:00:00
synthetic_111,START,2024-01-01 03:00:00
synthetic_111,9,2024-01-01 04:00:00
synthetic_111,4,2024-01-01 05:00:00
synthetic_111,START,2024-01-01 06:00:00
synthetic_112,1,2024-01-01 00:00:00
synthetic_112,START,2024-01-01 01:00:00
synthetic_112,START,2024-01-01 02:00:00
synthetic_112,START,2024-01-01 03:00:00
synthetic_112,1,2024-01-01 04:00:00
synthetic_112,8,2024-01-01 05:00:00
synthetic_112,5,2024-01-01 06:00:00
synthetic_113,3,2024-01-01 00:00:00
synthetic_113,START,2024-01-01 01:00:00
synthetic_113,START,2024-01-01 02:00:00
synthetic_113,START,2024-01-01 03:00:00
synthetic_113,START,2024-01-01 04:00:00
synthetic_113,START,2024-01-01 05:00:00
synthetic_113,START,2024-01-01 06:00:00
synthetic_114,START,2024-01-01 00:00:00
synthetic_114,START,2024-01-01 01:00:00
synthetic_114,1,2024-01-01 02:00:00
synthetic_114,1,2024-01-01 03:00:00
synthetic_114,1,2024-01-01 04:00:00
synthetic_114,START,2024-01-01 05:00:00
synthetic_114,1,2024-01-01 06:00:00
synthetic_114,3,2024-01-01 07:00:00
synthetic_115,START,2024-01-01 00:00:00
synthetic_115,START,2024-01-01 01:00:00
synthetic_115,START,2024-01-01 02:00:00
synthetic_115,START,2024-01-01 03:00:00
synthetic_115,START,2024-01-01 04:00:00
synthetic_115,6,2024-01-01 05:00:00
synthetic_115,5,2024-01-01 06:00:00
synthetic_115,5,2024-01-01 07:00:00
synthetic_116,START,2024-01-01 00:00:00
synthetic_116,START,2024-01-01 01:00:00
synthetic_116,START,2024-01-01 02:00:00
synthetic_116,START,2024-01-01 03:00:00
synthetic_116,START,2024-01-01 04:00:00
synthetic_116,5,2024-01-01 05:00:00
synthetic_116,5,2024-01-01 06:00:00
synthetic_117,START,2024-01-01 00:00:00
synthetic_117,START,2024-01-01 01:00:00
synthetic_117,3,2024-01-01 02:00:00
synthetic_117,START,2024-01-01 03:00:00
synthetic_117,7,2024-01-01 04:00:00
synthetic_117,3,2024-01-01 05:00:00
synthetic_117,START,2024-01-01 06:00:00
synthetic_117,9,2024-01-01 07:00:00
synthetic_117,7,2024-01-01 08:00:00
synthetic_118,START,2024-01-01 00:00:00
synthetic_118,START,2024-01-01 01:00:00
synthetic_118,START,2024-01-01 02:00:00
synthetic_118,5,2024-01-01 03:00:00
synthetic_118,START,2024-01-01 04:00:00
synthetic_119,START,2024-01-01 00:00:00
synthetic_119,START,2024-01-01 01:00:00
synthetic_119,START,2024-01-01 02:00:00
synthetic_119,START,2024-01-01 03:00:00
synthetic_119,3,2024-01-01 04:00:00
synthetic_119,START,2024-01-01 05:00:00
synthetic_119,9,2024-01-01 06:00:00
synthetic_119,3,2024-01-01 07:00:00
synthetic_120,START,2024-01-01 00:00:00
synthetic_120,START,2024-01-01 01:00:00
synthetic_120,START,2024-01-01 02:00:00
synthetic_120,START,2024-01-01 03:00:00
synthetic_120,START,2024-01-01 04:00:00
synthetic_120,START,2024-01-01 05:00:00
synthetic_120,6,2024-01-01 06:00:00
synthetic_120,5,2024-01-01 07:00:00
synthetic_120,3,2024-01-01 08:00:00
synthetic_120,9,2024-01-01 09:00:00
synthetic_121,START,2024-01-01 00:00:00
synthetic_121,START,2024-01-01 01:00:00
synthetic_121,START,2024-01-01 02:00:00
synthetic_122,START,2024-01-01 00:00:00
synthetic_122,START,2024-01-01 01:00:00
synthetic_122,7,2024-01-01 02:00:00
synthetic_122,START,2024-01-01 03:00:00
synthetic_122,2,2024-01-01 04:00:00
synthetic_122,START,2024-01-01 05:00:00
synthetic_122,START,2024-01-01 06:00:00
synthetic_122,START,2024-01-01 07:00:00
synthetic_122,1,2024-01-01 08:00:00
synthetic_122,2,2024-01-01 09:00:00
synthetic_123,START,2024-01-01 00:00:00
synthetic_123,6,2024-01-01 01:00:00
synthetic_123,START,2024-01-01 02:00:00
synthetic_123,START,2024-01-01 03:00:00
synthetic_123,1,2024-01-01 04:00:00
synthetic_123,1,2024-01-01 05:00:00
synthetic_123,START,2024-01-01 06:00:00
synthetic_123,START,2024-01-01 07:00:00
synthetic_123,2,2024-01-01 08:00:00
synthetic_123,2,2024-01-01 09:00:00
synthetic_124,START,2024-01-01 00:00:00
synthetic_124,START,2024-01-01 01:00:00
synthetic_124,2,2024-01-01 02:00:00
synthetic_124,START,2024-01-01 03:00:00
synthetic_124,7,2024-01-01 04:00:00
synthetic_124,3,2024-01-01 05:00:00
synthetic_125,START,2024-01-01 00:00:00
synthetic_125,START,2024-01-01 01:00:00
synthetic_125,5,2024-01-01 02:00:00
synthetic_125,START,2024-01-01 03:00:00
synthetic_125,6,2024-01-01 04:00:00
synthetic_126,START,2024-01-01 00:00:00
synthetic_126,2,2024-01-01 01:00:00
synthetic_126,3,2024-01-01 02:00:00
synthetic_126,2,2024-01-01 03:00:00
synthetic_126,4,2024-01-01 04:00:00
synthetic_126,START,2024-01-01 05:00:00
synthetic_126,3,2024-01-01 06:00:00
synthetic_127,START,2024-01-01 00:00:00
synthetic_127,START,2024-01-01 01:00:00
synthetic_127,START,2024-01-01 02:00:00
synthetic_127,7,2024-01-01 03:00:00
synthetic_127,2,2024-01-01 04:00:00
synthetic_127,2,2024-01-01 05:00:00
synthetic_127,1,2024-01-01 06:00:00
synthetic_128,START,2024-01-01 00:00:00
synthetic_128,2,2024-01-01 01:00:00
synthetic_128,5,2024-01-01 02:00:00
synthetic_128,START,2024-01-01 03:00:00
synthetic_128,7,2024-01-01 04:00:00
synthetic_128,START,2024-01-01 05:00:00
synthetic_128,7,2024-01-01 06:00:00
synthetic_128,9,2024-01-01 07:00:00
synthetic_128,1,2024-01-01 08:00:00
synthetic_129,START,2024-01-01 00:00:00
synthetic_129,START,2024-01-01 01:00:00
synthetic_129,2,2024-01-01 02:00:00
synthetic_129,8,2024-01-01 03:00:00
synthetic_129,START,2024-01-01 04:00:00
synthetic_129,1,2024-01-01 05:00:00
synthetic_129,START,2024-01-01 06:00:00
synthetic_129,3,2024-01-01 07:00:00
synthetic_129,9,2024-01-01 08:00:00
synthetic_129,2,2024-01-01 09:00:00
synthetic_129,3,2024-01-01 10:00:00
synthetic_130,START,2024-01-01 00:00:00
synthetic_130,START,2024-01-01 01:00:00
synthetic_130,START,2024-01-01 02:00:00
synthetic_130,2,2024-01-01 03:00:00
synthetic_130,START,2024-01-01 04:00:00
synthetic_130,START,2024-01-01 05:00:00
synthetic_130,6,2024-01-01 06:00:00
synthetic_130,1,2024-01-01 07:00:00
synthetic_130,2,2024-01-01 08:00:00
synthetic_130,5,2024-01-01 09:00:00
synthetic_131,START,2024-01-01 00:00:00
synthetic_131,START,2024-01-01 01:00:00
synthetic_131,9,2024-01-01 02:00:00
synthetic_131,1,2024-01-01 03:00:00
synthetic_131,8,2024-01-01 04:00:00
synthetic_131,6,2024-01-01 05:00:00
synthetic_131,2,2024-01-01 06:00:00
synthetic_131,START,2024-01-01 07:00:00
synthetic_132,START,2024-01-01 00:00:00
synthetic_132,START,2024-01-01 01:00:00
synthetic_132,START,2024-01-01 02:00:00
synthetic_132,START,2024-01-01 03:00:00
synthetic_132,5,2024-01-01 04:00:00
synthetic_133,START,2024-01-01 00:00:00
synthetic_133,START,2024-01-01 01:00:00
synthetic_133,6,2024-01-01 02:00:00
synthetic_133,START,2024-01-01 03:00:00
synthetic_133,2,2024-01-01 04:00:00
synthetic_133,START,2024-01-01 05:00:00
synthetic_133,1,2024-01-01 06:00:00
synthetic_133,8,2024-01-01 07:00:00
synthetic_134,5,2024-01-01 00:00:00
synthetic_134,START,2024-01-01 01:00:00
synthetic_134,START,2024-01-01 02:00:00
synthetic_134,1,2024-01-01 03:00:00
synthetic_134,5,2024-01-01 04:00:00
synthetic_134,6,2024-01-01 05:00:00
synthetic_135,START,2024-01-01 00:00:00
synthetic_135,START,2024-01-01 01:00:00
synthetic_135,START,2024-01-01 02:00:00
synthetic_135,6,2024-01-01 03:00:00
synthetic_135,1,2024-01-01 04:00:00
synthetic_136,START,2024-01-01 00:00:00
synthetic_136,START,2024-01-01 01:00:00
synthetic_136,1,2024-01-01 02:00:00
synthetic_136,9,2024-01-01 03:00:00
synthetic_136,START,2024-01-01 04:00:00
synthetic_137,START,2024-01-01 00:00:00
synthetic_137,7,2024-01-01 01:00:00
synthetic_137,9,2024-01-01 02:00:00
synthetic_137,1,2024-01-01 03:00:00
synthetic_137,7,2024-01-01 04:00:00
synthetic_138,START,2024-01-01 00:00:00
synthetic_138,1,2024-01-01 01:00:00
synthetic_138,7,2024-01-01 02:00:00
synthetic_138,START,2024-01-01 03:00:00
synthetic_138,START,2024-01-01 04:00:00
synthetic_138,START,2024-01-01 05:00:00
synthetic_138,3,2024-01-01 06:00:00
synthetic_139,START,2024-01-01 00:00:00
synthetic_139,START,2024-01-01 01:00:00
synthetic_139,START,2024-01-01 02:00:00
synthetic_139,START,2024-01-01 03:00:00
synthetic_139,START,2024-01-01 04:00:00
synthetic_139,START,2024-01-01 05:00:00
synthetic_140,START,2024-01-01 00:00:00
synthetic_140,START,2024-01-01 01:00:00
synthetic_140,START,2024-01-01 02:00:00
synthetic_140,9,2024-01-01 03:00:00
synthetic_140,2,2024-01-01 04:00:00
synthetic_140,6,2024-01-01 05:00:00
synthetic_140,1,2024-01-01 06:00:00
synthetic_140,2,2024-01-01 07:00:00
synthetic_140,8,2024-01-01 08:00:00
synthetic_140,7,2024-01-01 09:00:00
synthetic_141,9,2024-01-01 00:00:00
synthetic_141,START,2024-01-01 01:00:00
synthetic_141,5,2024-01-01 02:00:00
synthetic_141,START,2024-01-01 03:00:00
synthetic_141,START,2024-01-01 04:00:00
synthetic_141,START,2024-01-01 05:00:00
synthetic_142,START,2024-01-01 00:00:00
synthetic_142,START,2024-01-01 01:00:00
synthetic_142,START,2024-01-01 02:00:00
synthetic_142,START,2024-01-01 03:00:00
synthetic_142,1,2024-01-01 04:00:00
synthetic_142,START,2024-01-01 05:00:00
synthetic_142,1,2024-01-01 06:00:00
synthetic_142,9,2024-01-01 07:00:00
synthetic_143,START,2024-01-01 00:00:00
synthetic_143,START,2024-01-01 01:00:00
synthetic_143,START,2024-01-01 02:00:00
synthetic_143,START,2024-01-01 03:00:00
synthetic_143,7,2024-01-01 04:00:00
synthetic_143,START,2024-01-01 05:00:00
synthetic_143,3,2024-01-01 06:00:00
synthetic_144,START,2024-01-01 00:00:00
synthetic_144,START,2024-01-01 01:00:00
synthetic_144,7,2024-01-01 02:00:00
synthetic_144,START,2024-01-01 03:00:00
synthetic_144,5,2024-01-01 04:00:00
synthetic_144,5,2024-01-01 05:00:00
synthetic_144,2,2024-01-01 06:00:00
synthetic_145,START,2024-01-01 00:00:00
synthetic_145,3,2024-01-01 01:00:00
synthetic_145,START,2024-01-01 02:00:00
synthetic_145,START,2024-01-01 03:00:00
synthetic_145,START,2024-01-01 04:00:00
synthetic_145,START,2024-01-01 05:00:00
synthetic_145,3,2024-01-01 06:00:00
synthetic_145,START,2024-01-01 07:00:00
synthetic_145,2,2024-01-01 08:00:00
synthetic_146,START,2024-01-01 00:00:00
synthetic_146,6,2024-01-01 01:00:00
synthetic_146,START,2024-01-01 02:00:00
synthetic_146,3,2024-01-01 03:00:00
synthetic_146,5,2024-01-01 04:00:00
synthetic_146,1,2024-01-01 05:00:00
synthetic_147,START,2024-01-01 00:00:00
synthetic_147,START,2024-01-01 01:00:00
synthetic_147,3,2024-01-01 02:00:00
synthetic_147,4,2024-01-01 03:00:00
synthetic_147,7,2024-01-01 04:00:00
synthetic_147,2,2024-01-01 05:00:00
synthetic_147,6,2024-01-01 06:00:00
synthetic_148,START,2024-01-01 00:00:00
synthetic_148,START,2024-01-01 01:00:00
synthetic_148,7,2024-01-01 02:00:00
synthetic_148,START,2024-01-01 03:00:00
synthetic_148,START,2024-01-01 04:00:00
synthetic_148,6,2024-01-01 05:00:00
synthetic_149,START,2024-01-01 00:00:00
synthetic_149,START,2024-01-01 01:00:00
synthetic_149,START,2024-01-01 02:00:00
synthetic_149,START,2024-01-01 03:00:00
synthetic_149,3,2024-01-01 04:00:00
synthetic_149,1,2024-01-01 05:00:00
synthetic_149,1,2024-01-01 06:00:00
synthetic_149,5,2024-01-01 07:00:00
synthetic_149,1,2024-01-01 08:00:00
synthetic_150,START,2024-01-01 00:00:00
synthetic_150,3,2024-01-01 01:00:00
synthetic_150,3,2024-01-01 02:00:00
synthetic_150,7,2024-01-01 03:00:00
synthetic_150,3,2024-01-01 04:00:00
synthetic_150,3,2024-01-01 05:00:00
synthetic_150,START,2024-01-01 06:00:00
synthetic_151,START,2024-01-01 00:00:00
synthetic_151,1,2024-01-01 01:00:00
synthetic_151,8,2024-01-01 02:00:00
synthetic_151,START,2024-01-01 03:00:00
synthetic_151,4,2024-01-01 04:00:00
synthetic_151,8,2024-01-01 05:00:00
synthetic_151,5,2024-01-01 06:00:00
synthetic_152,START,2024-01-01 00:00:00
synthetic_152,3,2024-01-01 01:00:00
synthetic_152,2,2024-01-01 02:00:00
synthetic_152,1,2024-01-01 03:00:00
synthetic_152,START,2024-01-01 04:00:00
synthetic_152,1,2024-01-01 05:00:00
synthetic_153,START,2024-01-01 00:00:00
synthetic_153,START,2024-01-01 01:00:00
synthetic_153,START,2024-01-01 02:00:00
synthetic_153,3,2024-01-01 03:00:00
synthetic_153,2,2024-01-01 04:00:00
synthetic_153,3,2024-01-01 05:00:00
synthetic_153,8,2024-01-01 06:00:00
synthetic_153,7,2024-01-01 07:00:00
synthetic_154,START,2024-01-01 00:00:00
synthetic_154,START,2024-01-01 01:00:00
synthetic_154,2,2024-01-01 02:00:00
synthetic_154,9,2024-01-01 03:00:00
synthetic_154,START,2024-01-01 04:00:00
synthetic_155,START,2024-01-01 00:00:00
synthetic_155,START,2024-01-01 01:00:00
synthetic_155,START,2024-01-01 02:00:00
synthetic_155,9,2024-01-01 03:00:00
synthetic_155,5,2024-01-01 04:00:00
synthetic_155,9,2024-01-01 05:00:00
synthetic_155,1,2024-01-01 06:00:00
synthetic_155,4,2024-01-01 07:00:00
synthetic_156,START,2024-01-01 00:00:00
synthetic_156,2,2024-01-01 01:00:00
synthetic_156,START,2024-01-01 02:00:00
synthetic_156,START,2024-01-01 03:00:00
synthetic_156,START,2024-01-01 04:00:00
synthetic_156,9,2024-01-01 05:00:00
synthetic_156,5,2024-01-01 06:00:00
synthetic_156,START,2024-01-01 07:00:00
synthetic_156,5,2024-01-01 08:00:00
synthetic_156,START,2024-01-01 09:00:00
synthetic_156,START,2024-01-01 10:00:00
synthetic_157,START,2024-01-01 00:00:00
synthetic_157,START,2024-01-01 01:00:00
synthetic_157,6,2024-01-01 02:00:00
synthetic_157,START,2024-01-01 03:00:00
synthetic_157,2,2024-01-01 04:00:00
synthetic_157,6,2024-01-01 05:00:00
synthetic_157,8,2024-01-01 06:00:00
synthetic_157,START,2024-01-01 07:00:00
synthetic_157,START,2024-01-01 08:00:00
synthetic_157,3,2024-01-01 09:00:00
synthetic_157,6,2024-01-01 10:00:00
synthetic_158,START,2024-01-01 00:00:00
synthetic_158,1,2024-01-01 01:00:00
synthetic_158,2,2024-01-01 02:00:00
synthetic_158,9,2024-01-01 03:00:00
synthetic_158,6,2024-01-01 04:00:00
synthetic_159,8,2024-01-01 00:00:00
synthetic_159,1,2024-01-01 01:00:00
synthetic_159,START,2024-01-01 02:00:00
synthetic_159,START,2024-01-01 03:00:00
synthetic_160,START,2024-01-01 00:00:00
synthetic_160,START,2024-01-01 01:00:00
synthetic_160,3,2024-01-01 02:00:00
synthetic_160,2,2024-01-01 03:00:00
synthetic_160,3,2024-01-01 04:00:00
synthetic_160,9,2024-01-01 05:00:00
synthetic_160,START,2024-01-01 06:00:00
synthetic_160,2,2024-01-01 07:00:00
synthetic_161,START,2024-01-01 00:00:00
synthetic_161,START,2024-01-01 01:00:00
synthetic_161,START,2024-01-01 02:00:00
synthetic_161,START,2024-01-01 03:00:00
synthetic_161,8,2024-01-01 04:00:00
synthetic_161,START,2024-01-01 05:00:00
synthetic_161,5,2024-01-01 06:00:00
synthetic_161,8,2024-01-01 07:00:00
synthetic_161,9,2024-01-01 08:00:00
synthetic_162,2,2024-01-01 00:00:00
synthetic_162,START,2024-01-01 01:00:00
synthetic_162,START,2024-01-01 02:00:00
synthetic_162,START,2024-01-01 03:00:00
synthetic_162,START,2024-01-01 04:00:00
synthetic_163,START,2024-01-01 00:00:00
synthetic_163,START,2024-01-01 01:00:00
synthetic_163,START,2024-01-01 02:00:00
synthetic_163,1,2024-01-01 03:00:00
synthetic_163,1,2024-01-01 04:00:00
synthetic_163,7,2024-01-01 05:00:00
synthetic_163,2,2024-01-01 06:00:00
synthetic_164,START,2024-01-01 00:00:00
synthetic_164,START,2024-01-01 01:00:00
synthetic_164,START,2024-01-01 02:00:00
synthetic_164,4,2024-01-01 03:00:00
synthetic_164,3,2024-01-01 04:00:00
synthetic_165,7,2024-01-01 00:00:00
synthetic_165,START,2024-01-01 01:00:00
synthetic_165,START,2024-01-01 02:00:00
synthetic_165,2,2024-01-01 03:00:00
synthetic_165,6,2024-01-01 04:00:00
synthetic_165,7,2024-01-01 05:00:00
synthetic_166,START,2024-01-01 00:00:00
synthetic_166,START,2024-01-01 01:00:00
synthetic_166,1,2024-01-01 02:00:00
synthetic_166,START,2024-01-01 03:00:00
synthetic_166,START,2024-01-01 04:00:00
synthetic_166,9,2024-01-01 05:00:00
synthetic_166,1,2024-01-01 06:00:00
synthetic_166,5,2024-01-01 07:00:00
synthetic_166,5,2024-01-01 08:00:00
synthetic_166,3,2024-01-01 09:00:00
synthetic_166,5,2024-01-01 10:00:00
synthetic_166,6,2024-01-01 11:00:00
synthetic_167,4,2024-01-01 00:00:00
synthetic_167,START,2024-01-01 01:00:00
synthetic_167,START,2024-01-01 02:00:00
synthetic_167,START,2024-01-01 03:00:00
synthetic_167,6,2024-01-01 04:00:00
synthetic_167,1,2024-01-01 05:00:00
synthetic_167,START,2024-01-01 06:00:00
synthetic_167,5,2024-01-01 07:00:00
synthetic_167,2,2024-01-01 08:00:00
synthetic_167,1,2024-01-01 09:00:00
synthetic_168,START,2024-01-01 00:00:00
synthetic_168,START,2024-01-01 01:00:00
synthetic_168,START,2024-01-01 02:00:00
synthetic_168,START,2024-01-01 03:00:00
synthetic_168,3,2024-01-01 04:00:00
synthetic_168,START,2024-01-01 05:00:00
synthetic_169,START,2024-01-01 00:00:00
synthetic_169,START,2024-01-01 01:00:00
synthetic_169,6,2024-01-01 02:00:00
synthetic_169,START,2024-01-01 03:00:00
synthetic_169,START,2024-01-01 04:00:00
synthetic_169,2,2024-01-01 05:00:00
synthetic_169,2,2024-01-01 06:00:00
synthetic_169,5,2024-01-01 07:00:00
synthetic_169,9,2024-01-01 08:00:00
synthetic_170,START,2024-01-01 00:00:00
synthetic_170,START,2024-01-01 01:00:00
synthetic_170,START,2024-01-01 02:00:00
synthetic_170,START,2024-01-01 03:00:00
synthetic_170,1,2024-01-01 04:00:00
synthetic_170,START,2024-01-01 05:00:00
synthetic_170,START,2024-01-01 06:00:00
synthetic_171,START,2024-01-01 00:00:00
synthetic_171,START,2024-01-01 01:00:00
synthetic_171,START,2024-01-01 02:00:00
synthetic_171,START,2024-01-01 03:00:00
synthetic_171,START,2024-01-01 04:00:00
synthetic_171,START,2024-01-01 05:00:00
synthetic_171,1,2024-01-01 06:00:00
synthetic_172,1,2024-01-01 00:00:00
synthetic_172,2,2024-01-01 01:00:00
synthetic_172,START,2024-01-01 02:00:00
synthetic_172,1,2024-01-01 03:00:00
synthetic_172,START,2024-01-01 04:00:00
synthetic_172,8,2024-01-01 05:00:00
synthetic_173,START,2024-01-01 00:00:00
synthetic_173,START,2024-01-01 01:00:00
synthetic_173,1,2024-01-01 02:00:00
synthetic_173,START,2024-01-01 03:00:00
synthetic_173,5,2024-01-01 04:00:00
synthetic_173,1,2024-01-01 05:00:00
synthetic_174,START,2024-01-01 00:00:00
synthetic_174,START,2024-01-01 01:00:00
synthetic_174,START,2024-01-01 02:00:00
synthetic_174,1,2024-01-01 03:00:00
synthetic_174,START,2024-01-01 04:00:00
synthetic_174,START,2024-01-01 05:00:00
synthetic_175,START,2024-01-01 00:00:00
synthetic_175,START,2024-01-01 01:00:00
synthetic_175,START,2024-01-01 02:00:00
synthetic_175,1,2024-01-01 03:00:00
synthetic_175,6,2024-01-01 04:00:00
synthetic_175,6,2024-01-01 05:00:00
synthetic_175,START,2024-01-01 06:00:00
synthetic_175,5,2024-01-01 07:00:00
synthetic_175,9,2024-01-01 08:00:00
synthetic_176,3,2024-01-01 00:00:00
synthetic_176,START,2024-01-01 01:00:00
synthetic_176,7,2024-01-01 02:00:00
synthetic_176,6,2024-01-01 03:00:00
synthetic_176,5,2024-01-01 04:00:00
synthetic_176,START,2024-01-01 05:00:00
synthetic_176,START,2024-01-01 06:00:00
synthetic_176,START,2024-01-01 07:00:00
synthetic_176,7,2024-01-01 08:00:00
synthetic_177,START,2024-01-01 00:00:00
synthetic_177,START,2024-01-01 01:00:00
synthetic_177,START,2024-01-01 02:00:00
synthetic_177,START,2024-01-01 03:00:00
synthetic_177,START,2024-01-01 04:00:00
synthetic_177,1,2024-01-01 05:00:00
synthetic_177,9,2024-01-01 06:00:00
synthetic_177,5,2024-01-01 07:00:00
synthetic_178,START,2024-01-01 00:00:00
synthetic_178,8,2024-01-01 01:00:00
synthetic_178,START,2024-01-01 02:00:00
synthetic_178,6,2024-01-01 03:00:00
synthetic_178,START,2024-01-01 04:00:00
synthetic_178,9,2024-01-01 05:00:00
synthetic_178,9,2024-01-01 06:00:00
synthetic_178,START,2024-01-01 07:00:00
synthetic_179,START,2024-01-01 00:00:00
synthetic_179,START,2024-01-01 01:00:00
synthetic_179,START,2024-01-01 02:00:00
synthetic_179,3,2024-01-01 03:00:00
synthetic_179,5,2024-01-01 04:00:00
synthetic_180,START,2024-01-01 00:00:00
synthetic_180,9,2024-01-01 01:00:00
synthetic_180,5,2024-01-01 02:00:00
synthetic_180,2,2024-01-01 03:00:00
synthetic_180,START,2024-01-01 04:00:00
synthetic_180,START,2024-01-01 05:00:00
synthetic_181,START,2024-01-01 00:00:00
synthetic_181,START,2024-01-01 01:00:00
synthetic_181,START,2024-01-01 02:00:00
synthetic_181,6,2024-01-01 03:00:00
synthetic_182,6,2024-01-01 00:00:00
synthetic_182,9,2024-01-01 01:00:00
synthetic_182,1,2024-01-01 02:00:00
synthetic_182,START,2024-01-01 03:00:00
synthetic_182,1,2024-01-01 04:00:00
synthetic_183,START,2024-01-01 00:00:00
synthetic_183,START,2024-01-01 01:00:00
synthetic_183,START,2024-01-01 02:00:00
synthetic_183,START,2024-01-01 03:00:00
synthetic_183,START,2024-01-01 04:00:00
synthetic_183,5,2024-01-01 05:00:00
synthetic_183,3,2024-01-01 06:00:00
synthetic_184,START,2024-01-01 00:00:00
synthetic_184,2,2024-01-01 01:00:00
synthetic_184,START,2024-01-01 02:00:00
synthetic_184,START,2024-01-01 03:00:00
synthetic_184,START,2024-01-01 04:00:00
synthetic_184,4,2024-01-01 05:00:00
synthetic_184,9,2024-01-01 06:00:00
synthetic_184,3,2024-01-01 07:00:00
synthetic_185,START,2024-01-01 00:00:00
synthetic_185,7,2024-01-01 01:00:00
synthetic_185,START,2024-01-01 02:00:00
synthetic_185,START,2024-01-01 03:00:00
synthetic_185,START,2024-01-01 04:00:00
synthetic_185,9,2024-01-01 05:00:00
synthetic_185,1,2024-01-01 06:00:00
synthetic_186,START,2024-01-01 00:00:00
synthetic_186,START,2024-01-01 01:00:00
synthetic_186,START,2024-01-01 02:00:00
synthetic_186,START,2024-01-01 03:00:00
synthetic_186,START,2024-01-01 04:00:00
synthetic_186,6,2024-01-01 05:00:00
synthetic_187,START,2024-01-01 00:00:00
synthetic_187,3,2024-01-01 01:00:00
synthetic_187,START,2024-01-01 02:00:00
synthetic_187,START,2024-01-01 03:00:00
synthetic_187,START,2024-01-01 04:00:00
synthetic_187,START,2024-01-01 05:00:00
synthetic_188,START,2024-01-01 00:00:00
synthetic_188,8,2024-01-01 01:00:00
synthetic_188,START,2024-01-01 02:00:00
synthetic_188,3,2024-01-01 03:00:00
synthetic_188,3,2024-01-01 04:00:00
synthetic_188,9,2024-01-01 05:00:00
synthetic_188,8,2024-01-01 06:00:00
synthetic_188,7,2024-01-01 07:00:00
synthetic_189,3,2024-01-01 00:00:00
synthetic_189,START,2024-01-01 01:00:00
synthetic_189,START,2024-01-01 02:00:00
synthetic_189,START,2024-01-01 03:00:00
synthetic_189,9,2024-01-01 04:00:00
synthetic_189,2,2024-01-01 05:00:00
synthetic_190,1,2024-01-01 00:00:00
synthetic_190,START,2024-01-01 01:00:00
synthetic_190,START,2024-01-01 02:00:00
synthetic_190,2,2024-01-01 03:00:00
synthetic_190,START,2024-01-01 04:00:00
synthetic_190,2,2024-01-01 05:00:00
synthetic_191,START,2024-01-01 00:00:00
synthetic_191,8,2024-01-01 01:00:00
synthetic_191,1,2024-01-01 02:00:00
synthetic_191,START,2024-01-01 03:00:00
synthetic_191,START,2024-01-01 04:00:00
synthetic_191,5,2024-01-01 05:00:00
synthetic_191,START,2024-01-01 06:00:00
synthetic_191,5,2024-01-01 07:00:00
synthetic_191,1,2024-01-01 08:00:00
synthetic_192,START,2024-01-01 00:00:00
synthetic_192,START,2024-01-01 01:00:00
synthetic_192,START,2024-01-01 02:00:00
synthetic_192,9,2024-01-01 03:00:00
synthetic_192,9,2024-01-01 04:00:00
synthetic_192,2,2024-01-01 05:00:00
synthetic_192,1,2024-01-01 06:00:00
synthetic_192,7,2024-01-01 07:00:00
synthetic_193,START,2024-01-01 00:00:00
synthetic_193,START,2024-01-01 01:00:00
synthetic_193,6,2024-01-01 02:00:00
synthetic_193,START,2024-01-01 03:00:00
synthetic_193,START,2024-01-01 04:00:00
synthetic_193,START,2024-01-01 05:00:00
synthetic_193,4,2024-01-01 06:00:00
synthetic_194,START,2024-01-01 00:00:00
synthetic_194,START,2024-01-01 01:00:00
synthetic_194,5,2024-01-01 02:00:00
synthetic_194,5,2024-01-01 03:00:00
synthetic_194,6,2024-01-01 04:00:00
synthetic_194,1,2024-01-01 05:00:00
synthetic_194,START,2024-01-01 06:00:00
synthetic_195,START,2024-01-01 00:00:00
synthetic_195,START,2024-01-01 01:00:00
synthetic_195,START,2024-01-01 02:00:00
synthetic_195,2,2024-01-01 03:00:00
synthetic_195,1,2024-01-01 04:00:00
synthetic_195,START,2024-01-01 05:00:00
synthetic_195,4,2024-01-01 06:00:00
synthetic_195,5,2024-01-01 07:00:00
synthetic_196,4,2024-01-01 00:00:00
synthetic_196,START,2024-01-01 01:00:00
synthetic_196,6,2024-01-01 02:00:00
synthetic_196,5,2024-01-01 03:00:00
synthetic_196,6,2024-01-01 04:00:00
synthetic_196,START,2024-01-01 05:00:00
synthetic_197,2,2024-01-01 00:00:00
synthetic_197,START,2024-01-01 01:00:00
synthetic_197,START,2024-01-01 02:00:00
synthetic_197,5,2024-01-01 03:00:00
synthetic_197,START,2024-01-01 04:00:00
synthetic_197,5,2024-01-01 05:00:00
synthetic_197,8,2024-01-01 06:00:00
synthetic_198,3,2024-01-01 00:00:00
synthetic_198,START,2024-01-01 01:00:00
synthetic_198,START,2024-01-01 02:00:00
synthetic_198,2,2024-01-01 03:00:00
synthetic_198,START,2024-01-01 04:00:00
synthetic_198,5,2024-01-01 05:00:00
synthetic_198,6,2024-01-01 06:00:00
synthetic_198,6,2024-01-01 07:00:00
synthetic_199,START,2024-01-01 00:00:00
synthetic_199,START,2024-01-01 01:00:00
synthetic_199,6,2024-01-01 02:00:00
synthetic_199,START,2024-01-01 03:00:00
synthetic_199,2,2024-01-01 04:00:00
synthetic_199,9,2024-01-01 05:00:00
synthetic_199,9,2024-01-01 06:00:00
synthetic_200,5,2024-01-01 00:00:00
synthetic_200,START,2024-01-01 01:00:00
synthetic_200,START,2024-01-01 02:00:00
synthetic_200,START,2024-01-01 03:00:00
synthetic_200,3,2024-01-01 04:00:00
synthetic_201,5,2024-01-01 00:00:00
synthetic_201,START,2024-01-01 01:00:00
synthetic_201,START,2024-01-01 02:00:00
synthetic_201,START,2024-01-01 03:00:00
synthetic_201,2,2024-01-01 04:00:00
synthetic_201,6,2024-01-01 05:00:00
synthetic_201,START,2024-01-01 06:00:00
synthetic_201,START,2024-01-01 07:00:00
synthetic_201,2,2024-01-01 08:00:00
synthetic_202,START,2024-01-01 00:00:00
synthetic_202,START,2024-01-01 01:00:00
synthetic_202,START,2024-01-01 02:00:00
synthetic_202,1,2024-01-01 03:00:00
synthetic_202,2,2024-01-01 04:00:00
synthetic_202,START,2024-01-01 05:00:00
synthetic_202,START,2024-01-01 06:00:00
synthetic_202,START,2024-01-01 07:00:00
synthetic_202,START,2024-01-01 08:00:00
synthetic_202,7,2024-01-01 09:00:00
synthetic_203,START,2024-01-01 00:00:00
synthetic_203,START,2024-01-01 01:00:00
synthetic_203,1,2024-01-01 02:00:00
synthetic_203,5,2024-01-01 03:00:00
synthetic_203,7,2024-01-01 04:00:00
synthetic_203,2,2024-01-01 05:00:00
synthetic_203,START,2024-01-01 06:00:00
synthetic_203,5,2024-01-01 07:00:00
synthetic_203,5,2024-01-01 08:00:00
synthetic_204,START,2024-01-01 00:00:00
synthetic_204,START,2024-01-01 01:00:00
synthetic_204,START,2024-01-01 02:00:00
synthetic_204,START,2024-01-01 03:00:00
synthetic_204,START,2024-01-01 04:00:00
synthetic_204,START,2024-01-01 05:00:00
synthetic_204,6,2024-01-01 06:00:00
synthetic_205,START,2024-01-01 00:00:00
synthetic_205,START,2024-01-01 01:00:00
synthetic_205,START,2024-01-01 02:00:00
synthetic_205,START,2024-01-01 03:00:00
synthetic_205,7,2024-01-01 04:00:00
synthetic_205,5,2024-01-01 05:00:00
synthetic_205,6,2024-01-01 06:00:00
synthetic_205,6,2024-01-01 07:00:00
synthetic_205,4,2024-01-01 08:00:00
synthetic_205,4,2024-01-01 09:00:00
synthetic_206,START,2024-01-01 00:00:00
synthetic_206,1,2024-01-01 01:00:00
synthetic_206,3,2024-01-01 02:00:00
synthetic_206,START,2024-01-01 03:00:00
synthetic_206,9,2024-01-01 04:00:00
synthetic_206,3,2024-01-01 05:00:00
synthetic_206,6,2024-01-01 06:00:00
synthetic_207,START,2024-01-01 00:00:00
synthetic_207,START,2024-01-01 01:00:00
synthetic_207,START,2024-01-01 02:00:00
synthetic_207,6,2024-01-01 03:00:00
synthetic_207,START,2024-01-01 04:00:00
synthetic_207,START,2024-01-01 05:00:00
synthetic_207,2,2024-01-01 06:00:00
synthetic_207,6,2024-01-01 07:00:00
synthetic_207,1,2024-01-01 08:00:00
synthetic_208,START,2024-01-01 00:00:00
synthetic_208,START,2024-01-01 01:00:00
synthetic_208,START,2024-01-01 02:00:00
synthetic_208,START,2024-01-01 03:00:00
synthetic_208,7,2024-01-01 04:00:00
synthetic_208,3,2024-01-01 05:00:00
synthetic_208,2,2024-01-01 06:00:00
synthetic_208,5,2024-01-01 07:00:00
synthetic_209,START,2024-01-01 00:00:00
synthetic_209,START,2024-01-01 01:00:00
synthetic_209,START,2024-01-01 02:00:00
synthetic_209,START,2024-01-01 03:00:00
synthetic_209,9,2024-01-01 04:00:00
synthetic_209,START,2024-01-01 05:00:00
synthetic_209,START,2024-01-01 06:00:00
synthetic_209,4,2024-01-01 07:00:00
synthetic_210,START,2024-01-01 00:00:00
synthetic_210,START,2024-01-01 01:00:00
synthetic_210,6,2024-01-01 02:00:00
synthetic_210,3,2024-01-01 03:00:00
synthetic_210,2,2024-01-01 04:00:00
synthetic_210,START,2024-01-01 05:00:00
synthetic_210,START,2024-01-01 06:00:00
synthetic_210,3,2024-01-01 07:00:00
synthetic_210,4,2024-01-01 08:00:00
synthetic_210,5,2024-01-01 09:00:00
synthetic_211,START,2024-01-01 00:00:00
synthetic_211,START,2024-01-01 01:00:00
synthetic_211,START,2024-01-01 02:00:00
synthetic_211,START,2024-01-01 03:00:00
synthetic_211,START,2024-01-01 04:00:00
synthetic_211,9,2024-01-01 05:00:00
synthetic_211,6,2024-01-01 06:00:00
synthetic_212,START,2024-01-01 00:00:00
synthetic_212,START,2024-01-01 01:00:00
synthetic_212,START,2024-01-01 02:00:00
synthetic_212,START,2024-01-01 03:00:00
synthetic_212,1,2024-01-01 04:00:00
synthetic_212,6,2024-01-01 05:00:00
synthetic_212,START,2024-01-01 06:00:00
synthetic_212,START,2024-01-01 07:00:00
synthetic_213,START,2024-01-01 00:00:00
synthetic_213,START,2024-01-01 01:00:00
synthetic_213,START,2024-01-01 02:00:00
synthetic_213,7,2024-01-01 03:00:00
synthetic_213,3,2024-01-01 04:00:00
synthetic_213,START,2024-01-01 05:00:00
synthetic_214,START,2024-01-01 00:00:00
synthetic_214,START,2024-01-01 01:00:00
synthetic_214,5,2024-01-01 02:00:00
synthetic_214,START,2024-01-01 03:00:00
synthetic_214,3,2024-01-01 04:00:00
synthetic_214,START,2024-01-01 05:00:00
synthetic_214,7,2024-01-01 06:00:00
synthetic_214,5,2024-01-01 07:00:00
synthetic_215,1,2024-01-01 00:00:00
synthetic_215,START,2024-01-01 01:00:00
synthetic_215,START,2024-01-01 02:00:00
synthetic_215,5,2024-01-01 03:00:00
synthetic_215,START,2024-01-01 04:00:00
synthetic_215,1,2024-01-01 05:00:00
synthetic_215,6,2024-01-01 06:00:00
synthetic_216,START,2024-01-01 00:00:00
synthetic_216,START,2024-01-01 01:00:00
synthetic_216,START,2024-01-01 02:00:00
synthetic_216,START,2024-01-01 03:00:00
synthetic_216,START,2024-01-01 04:00:00
synthetic_216,7,2024-01-01 05:00:00
synthetic_217,START,2024-01-01 00:00:00
synthetic_217,START,2024-01-01 01:00:00
synthetic_217,5,2024-01-01 02:00:00
synthetic_217,3,2024-01-01 03:00:00
synthetic_217,START,2024-01-01 04:00:00
synthetic_217,2,2024-01-01 05:00:00
synthetic_218,START,2024-01-01 00:00:00
synthetic_218,START,2024-01-01 01:00:00
synthetic_218,START,2024-01-01 02:00:00
synthetic_218,1,2024-01-01 03:00:00
synthetic_218,2,2024-01-01 04:00:00
synthetic_218,1,2024-01-01 05:00:00
synthetic_219,START,2024-01-01 00:00:00
synthetic_219,9,2024-01-01 01:00:00
synthetic_219,START,2024-01-01 02:00:00
synthetic_219,START,2024-01-01 03:00:00
synthetic_219,START,2024-01-01 04:00:00
synthetic_219,START,2024-01-01 05:00:00
synthetic_219,5,2024-01-01 06:00:00
synthetic_219,5,2024-01-01 07:00:00
synthetic_219,START,2024-01-01 08:00:00
synthetic_220,START,2024-01-01 00:00:00
synthetic_220,START,2024-01-01 01:00:00
synthetic_220,START,2024-01-01 02:00:00
synthetic_220,START,2024-01-01 03:00:00
synthetic_220,8,2024-01-01 04:00:00
synthetic_220,1,2024-01-01 05:00:00
synthetic_221,1,2024-01-01 00:00:00
synthetic_221,START,2024-01-01 01:00:00
synthetic_221,START,2024-01-01 02:00:00
synthetic_221,7,2024-01-01 03:00:00
synthetic_221,START,2024-01-01 04:00:00
synthetic_221,9,2024-01-01 05:00:00
synthetic_221,1,2024-01-01 06:00:00
synthetic_221,START,2024-01-01 07:00:00
synthetic_221,1,2024-01-01 08:00:00
synthetic_222,START,2024-01-01 00:00:00
synthetic_222,START,2024-01-01 01:00:00
synthetic_222,START,2024-01-01 02:00:00
synthetic_222,START,2024-01-01 03:00:00
synthetic_222,2,2024-01-01 04:00:00
synthetic_222,2,2024-01-01 05:00:00
synthetic_222,2,2024-01-01 06:00:00
synthetic_223,START,2024-01-01 00:00:00
synthetic_223,START,2024-01-01 01:00:00
synthetic_223,3,2024-01-01 02:00:00
synthetic_223,8,2024-01-01 03:00:00
synthetic_223,9,2024-01-01 04:00:00
synthetic_223,5,2024-01-01 05:00:00
synthetic_223,5,2024-01-01 06:00:00
synthetic_224,START,2024-01-01 00:00:00
synthetic_224,START,2024-01-01 01:00:00
synthetic_224,START,2024-01-01 02:00:00
synthetic_224,START,2024-01-01 03:00:00
synthetic_224,2,2024-01-01 04:00:00
synthetic_225,START,2024-01-01 00:00:00
synthetic_225,START,2024-01-01 01:00:00
synthetic_225,START,2024-01-01 02:00:00
synthetic_225,2,2024-01-01 03:00:00
synthetic_225,7,2024-01-01 04:00:00
synthetic_225,2,2024-01-01 05:00:00
synthetic_225,6,2024-01-01 06:00:00
synthetic_226,START,2024-01-01 00:00:00
synthetic_226,START,2024-01-01 01:00:00
synthetic_226,START,2024-01-01 02:00:00
synthetic_226,5,2024-01-01 03:00:00
synthetic_226,START,2024-01-01 04:00:00
synthetic_226,1,2024-01-01 05:00:00
synthetic_227,START,2024-01-01 00:00:00
synthetic_227,START,2024-01-01 01:00:00
synthetic_227,START,2024-01-01 02:00:00
synthetic_227,9,2024-01-01 03:00:00
synthetic_228,START,2024-01-01 00:00:00
synthetic_228,START,2024-01-01 01:00:00
synthetic_228,START,2024-01-01 02:00:00
synthetic_228,8,2024-01-01 03:00:00
synthetic_228,3,2024-01-01 04:00:00
synthetic_228,6,2024-01-01 05:00:00
synthetic_228,START,2024-01-01 06:00:00
synthetic_228,START,2024-01-01 07:00:00
synthetic_229,START,2024-01-01 00:00:00
synthetic_229,1,2024-01-01 01:00:00
synthetic_229,START,2024-01-01 02:00:00
synthetic_229,START,2024-01-01 03:00:00
synthetic_229,2,2024-01-01 04:00:00
synthetic_229,3,2024-01-01 05:00:00
synthetic_229,START,2024-01-01 06:00:00
synthetic_229,START,2024-01-01 07:00:00
synthetic_230,START,2024-01-01 00:00:00
synthetic_230,START,2024-01-01 01:00:00
synthetic_230,START,2024-01-01 02:00:00
synthetic_230,START,2024-01-01 03:00:00
synthetic_230,START,2024-01-01 04:00:00
synthetic_230,3,2024-01-01 05:00:00
synthetic_230,9,2024-01-01 06:00:00
synthetic_231,START,2024-01-01 00:00:00
synthetic_231,START,2024-01-01 01:00:00
synthetic_231,START,2024-01-01 02:00:00
synthetic_231,START,2024-01-01 03:00:00
synthetic_231,7,2024-01-01 04:00:00
synthetic_231,START,2024-01-01 05:00:00
synthetic_232,START,2024-01-01 00:00:00
synthetic_232,START,2024-01-01 01:00:00
synthetic_232,1,2024-01-01 02:00:00
synthetic_232,START,2024-01-01 03:00:00
synthetic_232,START,2024-01-01 04:00:00
synthetic_232,2,2024-01-01 05:00:00
synthetic_232,1,2024-01-01 06:00:00
synthetic_233,9,2024-01-01 00:00:00
synthetic_233,7,2024-01-01 01:00:00
synthetic_233,START,2024-01-01 02:00:00
synthetic_233,START,2024-01-01 03:00:00
synthetic_233,START,2024-01-01 04:00:00
synthetic_233,2,2024-01-01 05:00:00
synthetic_233,5,2024-01-01 06:00:00
synthetic_233,START,2024-01-01 07:00:00
synthetic_233,START,2024-01-01 08:00:00
synthetic_233,9,2024-01-01 09:00:00
synthetic_234,START,2024-01-01 00:00:00
synthetic_234,5,2024-01-01 01:00:00
synthetic_234,4,2024-01-01 02:00:00
synthetic_234,7,2024-01-01 03:00:00
synthetic_234,START,2024-01-01 04:00:00
synthetic_235,START,2024-01-01 00:00:00
synthetic_235,3,2024-01-01 01:00:00
synthetic_235,2,2024-01-01 02:00:00
synthetic_235,5,2024-01-01 03:00:00
synthetic_236,START,2024-01-01 00:00:00
synthetic_236,START,2024-01-01 01:00:00
synthetic_236,6,2024-01-01 02:00:00
synthetic_236,START,2024-01-01 03:00:00
synthetic_236,2,2024-01-01 04:00:00
synthetic_236,1,2024-01-01 05:00:00
synthetic_236,START,2024-01-01 06:00:00
synthetic_236,4,2024-01-01 07:00:00
synthetic_236,6,2024-01-01 08:00:00
synthetic_237,START,2024-01-01 00:00:00
synthetic_237,START,2024-01-01 01:00:00
synthetic_237,START,2024-01-01 02:00:00
synthetic_237,2,2024-01-01 03:00:00
synthetic_237,5,2024-01-01 04:00:00
synthetic_237,5,2024-01-01 05:00:00
synthetic_238,START,2024-01-01 00:00:00
synthetic_238,START,2024-01-01 01:00:00
synthetic_238,START,2024-01-01 02:00:00
synthetic_238,START,2024-01-01 03:00:00
synthetic_239,START,2024-01-01 00:00:00
synthetic_239,4,2024-01-01 01:00:00
synthetic_239,START,2024-01-01 02:00:00
synthetic_239,1,2024-01-01 03:00:00
synthetic_240,START,2024-01-01 00:00:00
synthetic_240,START,2024-01-01 01:00:00
synthetic_240,START,2024-01-01 02:00:00
synthetic_241,START,2024-01-01 00:00:00
synthetic_241,3,2024-01-01 01:00:00
synthetic_241,6,2024-01-01 02:00:00
synthetic_241,2,2024-01-01 03:00:00
synthetic_241,1,2024-01-01 04:00:00
synthetic_241,6,2024-01-01 05:00:00
synthetic_241,6,2024-01-01 06:00:00
synthetic_241,5,2024-01-01 07:00:00
synthetic_242,START,2024-01-01 00:00:00
synthetic_242,START,2024-01-01 01:00:00
synthetic_242,8,2024-01-01 02:00:00
synthetic_242,START,2024-01-01 03:00:00
synthetic_242,7,2024-01-01 04:00:00
synthetic_242,START,2024-01-01 05:00:00
synthetic_242,2,2024-01-01 06:00:00
synthetic_242,9,2024-01-01 07:00:00
synthetic_242,START,2024-01-01 08:00:00
synthetic_242,5,2024-01-01 09:00:00
synthetic_243,START,2024-01-01 00:00:00
synthetic_243,START,2024-01-01 01:00:00
synthetic_243,START,2024-01-01 02:00:00
synthetic_243,5,2024-01-01 03:00:00
synthetic_243,8,2024-01-01 04:00:00
synthetic_243,4,2024-01-01 05:00:00
synthetic_243,START,2024-01-01 06:00:00
synthetic_243,1,2024-01-01 07:00:00
synthetic_244,1,2024-01-01 00:00:00
synthetic_244,START,2024-01-01 01:00:00
synthetic_244,START,2024-01-01 02:00:00
synthetic_244,START,2024-01-01 03:00:00
synthetic_244,1,2024-01-01 04:00:00
synthetic_244,4,2024-01-01 05:00:00
synthetic_244,4,2024-01-01 06:00:00
synthetic_245,START,2024-01-01 00:00:00
synthetic_245,3,2024-01-01 01:00:00
synthetic_245,START,2024-01-01 02:00:00
synthetic_245,1,2024-01-01 03:00:00
synthetic_245,START,2024-01-01 04:00:00
synthetic_245,START,2024-01-01 05:00:00
synthetic_245,2,2024-01-01 06:00:00
synthetic_245,7,2024-01-01 07:00:00
synthetic_245,6,2024-01-01 08:00:00
synthetic_246,START,2024-01-01 00:00:00
synthetic_246,START,2024-01-01 01:00:00
synthetic_246,START,2024-01-01 02:00:00
synthetic_246,1,2024-01-01 03:00:00
synthetic_246,5,2024-01-01 04:00:00
synthetic_246,1,2024-01-01 05:00:00
synthetic_246,7,2024-01-01 06:00:00
synthetic_247,START,2024-01-01 00:00:00
synthetic_247,1,2024-01-01 01:00:00
synthetic_247,START,2024-01-01 02:00:00
synthetic_247,8,2024-01-01 03:00:00
synthetic_247,1,2024-01-01 04:00:00
synthetic_248,START,2024-01-01 00:00:00
synthetic_248,START,2024-01-01 01:00:00
synthetic_248,START,2024-01-01 02:00:00
synthetic_248,START,2024-01-01 03:00:00
synthetic_248,9,2024-01-01 04:00:00
synthetic_248,3,2024-01-01 05:00:00
synthetic_249,START,2024-01-01 00:00:00
synthetic_249,1,2024-01-01 01:00:00
synthetic_249,START,2024-01-01 02:00:00
synthetic_249,START,2024-01-01 03:00:00
synthetic_249,START,2024-01-01 04:00:00
synthetic_250,START,2024-01-01 00:00:00
synthetic_250,START,2024-01-01 01:00:00
synthetic_250,START,2024-01-01 02:00:00
synthetic_250,START,2024-01-01 03:00:00
synthetic_250,5,2024-01-01 04:00:00
synthetic_251,6,2024-01-01 00:00:00
synthetic_251,START,2024-01-01 01:00:00
synthetic_251,START,2024-01-01 02:00:00
synthetic_251,3,2024-01-01 03:00:00
synthetic_251,START,2024-01-01 04:00:00
synthetic_251,START,2024-01-01 05:00:00
synthetic_251,START,2024-01-01 06:00:00
synthetic_251,START,2024-01-01 07:00:00
synthetic_251,3,2024-01-01 08:00:00
synthetic_251,9,2024-01-01 09:00:00
synthetic_252,START,2024-01-01 00:00:00
synthetic_252,START,2024-01-01 01:00:00
synthetic_252,3,2024-01-01 02:00:00
synthetic_252,2,2024-01-01 03:00:00
synthetic_252,START,2024-01-01 04:00:00
synthetic_252,3,2024-01-01 05:00:00
synthetic_252,START,2024-01-01 06:00:00
synthetic_252,5,2024-01-01 07:00:00
synthetic_253,START,2024-01-01 00:00:00
synthetic_253,START,2024-01-01 01:00:00
synthetic_253,3,2024-01-01 02:00:00
synthetic_253,2,2024-01-01 03:00:00
synthetic_253,START,2024-01-01 04:00:00
synthetic_253,7,2024-01-01 05:00:00
synthetic_253,3,2024-01-01 06:00:00
synthetic_254,START,2024-01-01 00:00:00
synthetic_254,START,2024-01-01 01:00:00
synthetic_254,START,2024-01-01 02:00:00
synthetic_254,1,2024-01-01 03:00:00
synthetic_254,START,2024-01-01 04:00:00
synthetic_254,START,2024-01-01 05:00:00
synthetic_254,2,2024-01-01 06:00:00
synthetic_255,START,2024-01-01 00:00:00
synthetic_255,START,2024-01-01 01:00:00
synthetic_255,START,2024-01-01 02:00:00
synthetic_255,2,2024-01-01 03:00:00
synthetic_255,5,2024-01-01 04:00:00
synthetic_255,START,2024-01-01 05:00:00
synthetic_255,START,2024-01-01 06:00:00
synthetic_255,9,2024-01-01 07:00:00
synthetic_256,START,2024-01-01 00:00:00
synthetic_256,START,2024-01-01 01:00:00
synthetic_256,START,2024-01-01 02:00:00
synthetic_256,START,2024-01-01 03:00:00
synthetic_256,6,2024-01-01 04:00:00
synthetic_256,7,2024-01-01 05:00:00
synthetic_256,6,2024-01-01 06:00:00
synthetic_256,6,2024-01-01 07:00:00
synthetic_257,START,2024-01-01 00:00:00
synthetic_257,9,2024-01-01 01:00:00
synthetic_257,4,2024-01-01 02:00:00
synthetic_257,2,2024-01-01 03:00:00
synthetic_257,3,2024-01-01 04:00:00
synthetic_258,8,2024-01-01 00:00:00
synthetic_258,8,2024-01-01 01:00:00
synthetic_258,START,2024-01-01 02:00:00
synthetic_258,1,2024-01-01 03:00:00
synthetic_258,START,2024-01-01 04:00:00
synthetic_258,START,2024-01-01 05:00:00
synthetic_259,START,2024-01-01 00:00:00
synthetic_259,START,2024-01-01 01:00:00
synthetic_259,START,2024-01-01 02:00:00
synthetic_259,1,2024-01-01 03:00:00
synthetic_259,3,2024-01-01 04:00:00
synthetic_259,9,2024-01-01 05:00:00
synthetic_259,9,2024-01-01 06:00:00
synthetic_259,1,2024-01-01 07:00:00
synthetic_260,START,2024-01-01 00:00:00
synthetic_260,START,2024-01-01 01:00:00
synthetic_260,START,2024-01-01 02:00:00
synthetic_260,1,2024-01-01 03:00:00
synthetic_260,START,2024-01-01 04:00:00
synthetic_260,START,2024-01-01 05:00:00
synthetic_261,START,2024-01-01 00:00:00
synthetic_261,START,2024-01-01 01:00:00
synthetic_261,1,2024-01-01 02:00:00
synthetic_261,START,2024-01-01 03:00:00
synthetic_261,7,2024-01-01 04:00:00
synthetic_261,START,2024-01-01 05:00:00
synthetic_261,4,2024-01-01 06:00:00
synthetic_261,7,2024-01-01 07:00:00
synthetic_262,8,2024-01-01 00:00:00
synthetic_262,8,2024-01-01 01:00:00
synthetic_262,1,2024-01-01 02:00:00
synthetic_262,START,2024-01-01 03:00:00
synthetic_262,START,2024-01-01 04:00:00
synthetic_262,6,2024-01-01 05:00:00
synthetic_263,START,2024-01-01 00:00:00
synthetic_263,START,2024-01-01 01:00:00
synthetic_263,3,2024-01-01 02:00:00
synthetic_263,START,2024-01-01 03:00:00
synthetic_263,START,2024-01-01 04:00:00
synthetic_263,9,2024-01-01 05:00:00
synthetic_263,7,2024-01-01 06:00:00
synthetic_263,7,2024-01-01 07:00:00
synthetic_263,3,2024-01-01 08:00:00
synthetic_263,3,2024-01-01 09:00:00
synthetic_264,START,2024-01-01 00:00:00
synthetic_264,START,2024-01-01 01:00:00
synthetic_264,START,2024-01-01 02:00:00
synthetic_264,3,2024-01-01 03:00:00
synthetic_264,2,2024-01-01 04:00:00
synthetic_264,4,2024-01-01 05:00:00
synthetic_264,6,2024-01-01 06:00:00
synthetic_265,9,2024-01-01 00:00:00
synthetic_265,START,2024-01-01 01:00:00
synthetic_265,START,2024-01-01 02:00:00
synthetic_265,2,2024-01-01 03:00:00
synthetic_265,6,2024-01-01 04:00:00
synthetic_265,2,2024-01-01 05:00:00
synthetic_265,7,2024-01-01 06:00:00
synthetic_266,START,2024-01-01 00:00:00
synthetic_266,START,2024-01-01 01:00:00
synthetic_266,START,2024-01-01 02:00:00
synthetic_266,START,2024-01-01 03:00:00
synthetic_266,2,2024-01-01 04:00:00
synthetic_266,7,2024-01-01 05:00:00
synthetic_266,1,2024-01-01 06:00:00
synthetic_267,START,2024-01-01 00:00:00
synthetic_267,START,2024-01-01 01:00:00
synthetic_267,START,2024-01-01 02:00:00
synthetic_267,START,2024-01-01 03:00:00
synthetic_267,9,2024-01-01 04:00:00
synthetic_267,9,2024-01-01 05:00:00
synthetic_267,6,2024-01-01 06:00:00
synthetic_268,START,2024-01-01 00:00:00
synthetic_268,6,2024-01-01 01:00:00
synthetic_268,START,2024-01-01 02:00:00
synthetic_268,START,2024-01-01 03:00:00
synthetic_268,START,2024-01-01 04:00:00
synthetic_268,START,2024-01-01 05:00:00
synthetic_268,9,2024-01-01 06:00:00
synthetic_268,5,2024-01-01 07:00:00
synthetic_269,START,2024-01-01 00:00:00
synthetic_269,START,2024-01-01 01:00:00
synthetic_269,START,2024-01-01 02:00:00
synthetic_269,1,2024-01-01 03:00:00
synthetic_269,3,2024-01-01 04:00:00
synthetic_269,7,2024-01-01 05:00:00
synthetic_270,START,2024-01-01 00:00:00
synthetic_270,START,2024-01-01 01:00:00
synthetic_270,START,2024-01-01 02:00:00
synthetic_270,START,2024-01-01 03:00:00
synthetic_270,7,2024-01-01 04:00:00
synthetic_270,START,2024-01-01 05:00:00
synthetic_271,START,2024-01-01 00:00:00
synthetic_271,START,2024-01-01 01:00:00
synthetic_271,START,2024-01-01 02:00:00
synthetic_271,6,2024-01-01 03:00:00
synthetic_271,START,2024-01-01 04:00:00
synthetic_271,2,2024-01-01 05:00:00
synthetic_271,START,2024-01-01 06:00:00
synthetic_271,2,2024-01-01 07:00:00
synthetic_272,START,2024-01-01 00:00:00
synthetic_272,3,2024-01-01 01:00:00
synthetic_272,3,2024-01-01 02:00:00
synthetic_272,START,2024-01-01 03:00:00
synthetic_272,START,2024-01-01 04:00:00
synthetic_272,2,2024-01-01 05:00:00
synthetic_273,START,2024-01-01 00:00:00
synthetic_273,START,2024-01-01 01:00:00
synthetic_273,START,2024-01-01 02:00:00
synthetic_273,START,2024-01-01 03:00:00
synthetic_273,START,2024-01-01 04:00:00
synthetic_273,START,2024-01-01 05:00:00
synthetic_273,3,2024-01-01 06:00:00
synthetic_273,1,2024-01-01 07:00:00
synthetic_274,START,2024-01-01 00:00:00
synthetic_274,START,2024-01-01 01:00:00
synthetic_274,START,2024-01-01 02:00:00
synthetic_274,START,2024-01-01 03:00:00
synthetic_274,START,2024-01-01 04:00:00
synthetic_274,3,2024-01-01 05:00:00
synthetic_275,START,2024-01-01 00:00:00
synthetic_275,1,2024-01-01 01:00:00
synthetic_275,START,2024-01-01 02:00:00
synthetic_275,1,2024-01-01 03:00:00
synthetic_275,3,2024-01-01 04:00:00
synthetic_275,START,2024-01-01 05:00:00
synthetic_275,6,2024-01-01 06:00:00
synthetic_275,1,2024-01-01 07:00:00
synthetic_276,START,2024-01-01 00:00:00
synthetic_276,START,2024-01-01 01:00:00
synthetic_276,START,2024-01-01 02:00:00
synthetic_276,START,2024-01-01 03:00:00
synthetic_276,5,2024-01-01 04:00:00
synthetic_276,START,2024-01-01 05:00:00
synthetic_276,START,2024-01-01 06:00:00
synthetic_276,1,2024-01-01 07:00:00
synthetic_277,START,2024-01-01 00:00:00
synthetic_277,START,2024-01-01 01:00:00
synthetic_277,START,2024-01-01 02:00:00
synthetic_277,1,2024-01-01 03:00:00
synthetic_277,2,2024-01-01 04:00:00
synthetic_277,6,2024-01-01 05:00:00
synthetic_277,6,2024-01-01 06:00:00
synthetic_278,3,2024-01-01 00:00:00
synthetic_278,START,2024-01-01 01:00:00
synthetic_278,START,2024-01-01 02:00:00
synthetic_278,2,2024-01-01 03:00:00
synthetic_278,START,2024-01-01 04:00:00
synthetic_278,1,2024-01-01 05:00:00
synthetic_278,9,2024-01-01 06:00:00
synthetic_278,2,2024-01-01 07:00:00
synthetic_278,6,2024-01-01 08:00:00
synthetic_279,START,2024-01-01 00:00:00
synthetic_279,START,2024-01-01 01:00:00
synthetic_279,START,2024-01-01 02:00:00
synthetic_279,5,2024-01-01 03:00:00
synthetic_279,START,2024-01-01 04:00:00
synthetic_279,6,2024-01-01 05:00:00
synthetic_279,7,2024-01-01 06:00:00
synthetic_280,START,2024-01-01 00:00:00
synthetic_280,START,2024-01-01 01:00:00
synthetic_280,6,2024-01-01 02:00:00
synthetic_280,3,2024-01-01 03:00:00
synthetic_280,6,2024-01-01 04:00:00
synthetic_280,1,2024-01-01 05:00:00
synthetic_280,6,2024-01-01 06:00:00
synthetic_280,5,2024-01-01 07:00:00
synthetic_281,START,2024-01-01 00:00:00
synthetic_281,START,2024-01-01 01:00:00
synthetic_281,START,2024-01-01 02:00:00
synthetic_281,2,2024-01-01 03:00:00
synthetic_281,1,2024-01-01 04:00:00
synthetic_281,7,2024-01-01 05:00:00
synthetic_282,START,2024-01-01 00:00:00
synthetic_282,START,2024-01-01 01:00:00
synthetic_282,START,2024-01-01 02:00:00
synthetic_282,2,2024-01-01 03:00:00
synthetic_282,9,2024-01-01 04:00:00
synthetic_282,3,2024-01-01 05:00:00
synthetic_283,START,2024-01-01 00:00:00
synthetic_283,START,2024-01-01 01:00:00
synthetic_283,1,2024-01-01 02:00:00
synthetic_283,START,2024-01-01 03:00:00
synthetic_283,1,2024-01-01 04:00:00
synthetic_284,START,2024-01-01 00:00:00
synthetic_284,START,2024-01-01 01:00:00
synthetic_284,START,2024-01-01 02:00:00
synthetic_284,1,2024-01-01 03:00:00
synthetic_284,5,2024-01-01 04:00:00
synthetic_284,5,2024-01-01 05:00:00
synthetic_284,1,2024-01-01 06:00:00
synthetic_284,2,2024-01-01 07:00:00
synthetic_284,START,2024-01-01 08:00:00
synthetic_284,5,2024-01-01 09:00:00
synthetic_285,5,2024-01-01 00:00:00
synthetic_285,START,2024-01-01 01:00:00
synthetic_285,5,2024-01-01 02:00:00
synthetic_285,START,2024-01-01 03:00:00
synthetic_285,1,2024-01-01 04:00:00
synthetic_285,START,2024-01-01 05:00:00
synthetic_285,2,2024-01-01 06:00:00
synthetic_286,START,2024-01-01 00:00:00
synthetic_286,START,2024-01-01 01:00:00
synthetic_286,START,2024-01-01 02:00:00
synthetic_286,START,2024-01-01 03:00:00
synthetic_286,2,2024-01-01 04:00:00
synthetic_286,5,2024-01-01 05:00:00
synthetic_286,5,2024-01-01 06:00:00
synthetic_286,START,2024-01-01 07:00:00
synthetic_286,START,2024-01-01 08:00:00
synthetic_287,START,2024-01-01 00:00:00
synthetic_287,START,2024-01-01 01:00:00
synthetic_287,6,2024-01-01 02:00:00
synthetic_287,6,2024-01-01 03:00:00
synthetic_287,5,2024-01-01 04:00:00
synthetic_287,9,2024-01-01 05:00:00
synthetic_287,6,2024-01-01 06:00:00
synthetic_288,2,2024-01-01 00:00:00
synthetic_288,START,2024-01-01 01:00:00
synthetic_288,START,2024-01-01 02:00:00
synthetic_288,START,2024-01-01 03:00:00
synthetic_288,1,2024-01-01 04:00:00
synthetic_289,9,2024-01-01 00:00:00
synthetic_289,START,2024-01-01 01:00:00
synthetic_289,1,2024-01-01 02:00:00
synthetic_289,3,2024-01-01 03:00:00
synthetic_289,1,2024-01-01 04:00:00
synthetic_290,START,2024-01-01 00:00:00
synthetic_290,START,2024-01-01 01:00:00
synthetic_290,START,2024-01-01 02:00:00
synthetic_290,5,2024-01-01 03:00:00
synthetic_290,START,2024-01-01 04:00:00
synthetic_291,START,2024-01-01 00:00:00
synthetic_291,START,2024-01-01 01:00:00
synthetic_291,1,2024-01-01 02:00:00
synthetic_291,START,2024-01-01 03:00:00
synthetic_291,START,2024-01-01 04:00:00
synthetic_291,START,2024-01-01 05:00:00
synthetic_291,1,2024-01-01 06:00:00
synthetic_291,2,2024-01-01 07:00:00
synthetic_291,5,2024-01-01 08:00:00
synthetic_292,START,2024-01-01 00:00:00
synthetic_292,3,2024-01-01 01:00:00
synthetic_292,2,2024-01-01 02:00:00
synthetic_292,START,2024-01-01 03:00:00
synthetic_292,START,2024-01-01 04:00:00
synthetic_292,7,2024-01-01 05:00:00
synthetic_292,7,2024-01-01 06:00:00
synthetic_292,2,2024-01-01 07:00:00
synthetic_293,1,2024-01-01 00:00:00
synthetic_293,START,2024-01-01 01:00:00
synthetic_293,START,2024-01-01 02:00:00
synthetic_293,2,2024-01-01 03:00:00
synthetic_293,START,2024-01-01 04:00:00
synthetic_293,1,2024-01-01 05:00:00
synthetic_293,START,2024-01-01 06:00:00
synthetic_293,8,2024-01-01 07:00:00
synthetic_293,5,2024-01-01 08:00:00
synthetic_293,5,2024-01-01 09:00:00
synthetic_293,1,2024-01-01 10:00:00
synthetic_294,START,2024-01-01 00:00:00
synthetic_294,START,2024-01-01 01:00:00
synthetic_294,8,2024-01-01 02:00:00
synthetic_294,START,2024-01-01 03:00:00
synthetic_294,7,2024-01-01 04:00:00
synthetic_294,2,2024-01-01 05:00:00
synthetic_294,9,2024-01-01 06:00:00
synthetic_295,9,2024-01-01 00:00:00
synthetic_295,START,2024-01-01 01:00:00
synthetic_295,START,2024-01-01 02:00:00
synthetic_295,START,2024-01-01 03:00:00
synthetic_295,2,2024-01-01 04:00:00
synthetic_295,8,2024-01-01 05:00:00
synthetic_295,6,2024-01-01 06:00:00
synthetic_296,START,2024-01-01 00:00:00
synthetic_296,START,2024-01-01 01:00:00
synthetic_296,START,2024-01-01 02:00:00
synthetic_296,8,2024-01-01 03:00:00
synthetic_296,3,2024-01-01 04:00:00
synthetic_296,6,2024-01-01 05:00:00
synthetic_296,3,2024-01-01 06:00:00
synthetic_296,START,2024-01-01 07:00:00
synthetic_296,6,2024-01-01 08:00:00
synthetic_297,START,2024-01-01 00:00:00
synthetic_297,START,2024-01-01 01:00:00
synthetic_297,START,2024-01-01 02:00:00
synthetic_297,START,2024-01-01 03:00:00
synthetic_297,3,2024-01-01 04:00:00
synthetic_297,3,2024-01-01 05:00:00
synthetic_297,5,2024-01-01 06:00:00
synthetic_298,START,2024-01-01 00:00:00
synthetic_298,START,2024-01-01 01:00:00
synthetic_298,START,2024-01-01 02:00:00
synthetic_298,4,2024-01-01 03:00:00
synthetic_298,9,2024-01-01 04:00:00
synthetic_298,START,2024-01-01 05:00:00
synthetic_298,START,2024-01-01 06:00:00
synthetic_298,START,2024-01-01 07:00:00
synthetic_299,START,2024-01-01 00:00:00
synthetic_299,START,2024-01-01 01:00:00
synthetic_299,START,2024-01-01 02:00:00
synthetic_299,START,2024-01-01 03:00:00
synthetic_299,2,2024-01-01 04:00:00
synthetic_299,3,2024-01-01 05:00:00
synthetic_299,START,2024-01-01 06:00:00
synthetic_299,5,2024-01-01 07:00:00
synthetic_300,START,2024-01-01 00:00:00
synthetic_300,START,2024-01-01 01:00:00
synthetic_300,START,2024-01-01 02:00:00
synthetic_300,START,2024-01-01 03:00:00
synthetic_300,2,2024-01-01 04:00:00
synthetic_300,4,2024-01-01 05:00:00
synthetic_300,START,2024-01-01 06:00:00
synthetic_300,9,2024-01-01 07:00:00
synthetic_301,START,2024-01-01 00:00:00
synthetic_301,START,2024-01-01 01:00:00
synthetic_301,START,2024-01-01 02:00:00
synthetic_301,START,2024-01-01 03:00:00
synthetic_301,START,2024-01-01 04:00:00
synthetic_301,1,2024-01-01 05:00:00
synthetic_301,2,2024-01-01 06:00:00
synthetic_302,START,2024-01-01 00:00:00
synthetic_302,START,2024-01-01 01:00:00
synthetic_302,START,2024-01-01 02:00:00
synthetic_302,START,2024-01-01 03:00:00
synthetic_302,START,2024-01-01 04:00:00
synthetic_302,6,2024-01-01 05:00:00
synthetic_303,START,2024-01-01 00:00:00
synthetic_303,START,2024-01-01 01:00:00
synthetic_303,START,2024-01-01 02:00:00
synthetic_303,1,2024-01-01 03:00:00
synthetic_303,6,2024-01-01 04:00:00
synthetic_303,START,2024-01-01 05:00:00
synthetic_303,4,2024-01-01 06:00:00
synthetic_303,7,2024-01-01 07:00:00
synthetic_303,3,2024-01-01 08:00:00
synthetic_304,START,2024-01-01 00:00:00
synthetic_304,START,2024-01-01 01:00:00
synthetic_304,START,2024-01-01 02:00:00
synthetic_304,START,2024-01-01 03:00:00
synthetic_304,2,2024-01-01 04:00:00
synthetic_304,6,2024-01-01 05:00:00
synthetic_304,3,2024-01-01 06:00:00
synthetic_304,8,2024-01-01 07:00:00
synthetic_305,START,2024-01-01 00:00:00
synthetic_305,START,2024-01-01 01:00:00
synthetic_305,START,2024-01-01 02:00:00
synthetic_305,1,2024-01-01 03:00:00
synthetic_305,4,2024-01-01 04:00:00
synthetic_305,7,2024-01-01 05:00:00
synthetic_305,START,2024-01-01 06:00:00
synthetic_305,START,2024-01-01 07:00:00
synthetic_305,START,2024-01-01 08:00:00
synthetic_306,5,2024-01-01 00:00:00
synthetic_306,START,2024-01-01 01:00:00
synthetic_306,START,2024-01-01 02:00:00
synthetic_306,4,2024-01-01 03:00:00
synthetic_306,7,2024-01-01 04:00:00
synthetic_306,7,2024-01-01 05:00:00
synthetic_306,6,2024-01-01 06:00:00
synthetic_306,2,2024-01-01 07:00:00
synthetic_306,2,2024-01-01 08:00:00
synthetic_306,3,2024-01-01 09:00:00
synthetic_307,START,2024-01-01 00:00:00
synthetic_307,1,2024-01-01 01:00:00
synthetic_307,START,2024-01-01 02:00:00
synthetic_307,START,2024-01-01 03:00:00
synthetic_307,7,2024-01-01 04:00:00
synthetic_308,START,2024-01-01 00:00:00
synthetic_308,START,2024-01-01 01:00:00
synthetic_308,START,2024-01-01 02:00:00
synthetic_308,7,2024-01-01 03:00:00
synthetic_308,9,2024-01-01 04:00:00
synthetic_308,1,2024-01-01 05:00:00
synthetic_308,3,2024-01-01 06:00:00
synthetic_308,6,2024-01-01 07:00:00
synthetic_308,8,2024-01-01 08:00:00
synthetic_308,3,2024-01-01 09:00:00
synthetic_308,2,2024-01-01 10:00:00
synthetic_309,START,2024-01-01 00:00:00
synthetic_309,START,2024-01-01 01:00:00
synthetic_309,START,2024-01-01 02:00:00
synthetic_309,5,2024-01-01 03:00:00
synthetic_309,6,2024-01-01 04:00:00
synthetic_310,START,2024-01-01 00:00:00
synthetic_310,1,2024-01-01 01:00:00
synthetic_310,START,2024-01-01 02:00:00
synthetic_310,START,2024-01-01 03:00:00
synthetic_310,START,2024-01-01 04:00:00
synthetic_310,START,2024-01-01 05:00:00
synthetic_310,START,2024-01-01 06:00:00
synthetic_310,2,2024-01-01 07:00:00
synthetic_310,7,2024-01-01 08:00:00
synthetic_310,6,2024-01-01 09:00:00
synthetic_310,6,2024-01-01 10:00:00
synthetic_311,START,2024-01-01 00:00:00
synthetic_311,5,2024-01-01 01:00:00
synthetic_311,START,2024-01-01 02:00:00
synthetic_311,3,2024-01-01 03:00:00
synthetic_311,START,2024-01-01 04:00:00
synthetic_311,START,2024-01-01 05:00:00
synthetic_311,START,2024-01-01 06:00:00
synthetic_311,2,2024-01-01 07:00:00
synthetic_312,START,2024-01-01 00:00:00
synthetic_312,1,2024-01-01 01:00:00
synthetic_312,START,2024-01-01 02:00:00
synthetic_312,6,2024-01-01 03:00:00
synthetic_312,3,2024-01-01 04:00:00
synthetic_312,1,2024-01-01 05:00:00
synthetic_313,START,2024-01-01 00:00:00
synthetic_313,START,2024-01-01 01:00:00
synthetic_313,START,2024-01-01 02:00:00
synthetic_313,5,2024-01-01 03:00:00
synthetic_313,START,2024-01-01 04:00:00
synthetic_313,5,2024-01-01 05:00:00
synthetic_313,5,2024-01-01 06:00:00
synthetic_313,8,2024-01-01 07:00:00
synthetic_314,START,2024-01-01 00:00:00
synthetic_314,START,2024-01-01 01:00:00
synthetic_314,START,2024-01-01 02:00:00
synthetic_314,1,2024-01-01 03:00:00
synthetic_314,1,2024-01-01 04:00:00
synthetic_314,1,2024-01-01 05:00:00
synthetic_315,START,2024-01-01 00:00:00
synthetic_315,START,2024-01-01 01:00:00
synthetic_315,START,2024-01-01 02:00:00
synthetic_315,START,2024-01-01 03:00:00
synthetic_315,6,2024-01-01 04:00:00
synthetic_316,START,2024-01-01 00:00:00
synthetic_316,START,2024-01-01 01:00:00
synthetic_316,START,2024-01-01 02:00:00
synthetic_316,START,2024-01-01 03:00:00
synthetic_316,2,2024-01-01 04:00:00
synthetic_316,2,2024-01-01 05:00:00
synthetic_316,9,2024-01-01 06:00:00
synthetic_317,START,2024-01-01 00:00:00
synthetic_317,START,2024-01-01 01:00:00
synthetic_317,3,2024-01-01 02:00:00
synthetic_317,START,2024-01-01 03:00:00
synthetic_317,START,2024-01-01 04:00:00
synthetic_317,1,2024-01-01 05:00:00
synthetic_318,START,2024-01-01 00:00:00
synthetic_318,5,2024-01-01 01:00:00
synthetic_318,START,2024-01-01 02:00:00
synthetic_318,START,2024-01-01 03:00:00
synthetic_318,9,2024-01-01 04:00:00
synthetic_318,2,2024-01-01 05:00:00
synthetic_319,START,2024-01-01 00:00:00
synthetic_319,START,2024-01-01 01:00:00
synthetic_319,START,2024-01-01 02:00:00
synthetic_319,9,2024-01-01 03:00:00
synthetic_319,START,2024-01-01 04:00:00
synthetic_319,2,2024-01-01 05:00:00
synthetic_319,START,2024-01-01 06:00:00
synthetic_320,START,2024-01-01 00:00:00
synthetic_320,START,2024-01-01 01:00:00
synthetic_320,START,2024-01-01 02:00:00
synthetic_320,START,2024-01-01 03:00:00
synthetic_320,START,2024-01-01 04:00:00
synthetic_321,START,2024-01-01 00:00:00
synthetic_321,START,2024-01-01 01:00:00
synthetic_321,START,2024-01-01 02:00:00
synthetic_321,1,2024-01-01 03:00:00
synthetic_321,START,2024-01-01 04:00:00
synthetic_321,START,2024-01-01 05:00:00
synthetic_321,1,2024-01-01 06:00:00
synthetic_322,START,2024-01-01 00:00:00
synthetic_322,START,2024-01-01 01:00:00
synthetic_322,6,2024-01-01 02:00:00
synthetic_322,2,2024-01-01 03:00:00
synthetic_322,START,2024-01-01 04:00:00
synthetic_322,START,2024-01-01 05:00:00
synthetic_322,1,2024-01-01 06:00:00
synthetic_323,START,2024-01-01 00:00:00
synthetic_323,START,2024-01-01 01:00:00
synthetic_323,1,2024-01-01 02:00:00
synthetic_323,START,2024-01-01 03:00:00
synthetic_323,9,2024-01-01 04:00:00
synthetic_323,START,2024-01-01 05:00:00
synthetic_323,7,2024-01-01 06:00:00
synthetic_323,3,2024-01-01 07:00:00
synthetic_323,START,2024-01-01 08:00:00
synthetic_323,5,2024-01-01 09:00:00
synthetic_324,4,2024-01-01 00:00:00
synthetic_324,START,2024-01-01 01:00:00
synthetic_324,START,2024-01-01 02:00:00
synthetic_324,1,2024-01-01 03:00:00
synthetic_324,START,2024-01-01 04:00:00
synthetic_324,6,2024-01-01 05:00:00
synthetic_325,START,2024-01-01 00:00:00
synthetic_325,START,2024-01-01 01:00:00
synthetic_325,START,2024-01-01 02:00:00
synthetic_325,START,2024-01-01 03:00:00
synthetic_325,2,2024-01-01 04:00:00
synthetic_325,START,2024-01-01 05:00:00
synthetic_325,9,2024-01-01 06:00:00
synthetic_326,START,2024-01-01 00:00:00
synthetic_326,START,2024-01-01 01:00:00
synthetic_326,START,2024-01-01 02:00:00
synthetic_326,8,2024-01-01 03:00:00
synthetic_326,6,2024-01-01 04:00:00
synthetic_327,START,2024-01-01 00:00:00
synthetic_327,START,2024-01-01 01:00:00
synthetic_327,START,2024-01-01 02:00:00
synthetic_327,START,2024-01-01 03:00:00
synthetic_327,7,2024-01-01 04:00:00
synthetic_327,5,2024-01-01 05:00:00
synthetic_327,1,2024-01-01 06:00:00
synthetic_327,1,2024-01-01 07:00:00
synthetic_328,START,2024-01-01 00:00:00
synthetic_328,START,2024-01-01 01:00:00
synthetic_328,START,2024-01-01 02:00:00
synthetic_328,START,2024-01-01 03:00:00
synthetic_328,1,2024-01-01 04:00:00
synthetic_328,1,2024-01-01 05:00:00
synthetic_328,START,2024-01-01 06:00:00
synthetic_328,4,2024-01-01 07:00:00
synthetic_329,START,2024-01-01 00:00:00
synthetic_329,START,2024-01-01 01:00:00
synthetic_329,START,2024-01-01 02:00:00
synthetic_329,START,2024-01-01 03:00:00
synthetic_329,1,2024-01-01 04:00:00
synthetic_329,1,2024-01-01 05:00:00
synthetic_330,START,2024-01-01 00:00:00
synthetic_330,START,2024-01-01 01:00:00
synthetic_330,START,2024-01-01 02:00:00
synthetic_330,6,2024-01-01 03:00:00
synthetic_330,START,2024-01-01 04:00:00
synthetic_330,6,2024-01-01 05:00:00
synthetic_330,7,2024-01-01 06:00:00
synthetic_331,START,2024-01-01 00:00:00
synthetic_331,START,2024-01-01 01:00:00
synthetic_331,START,2024-01-01 02:00:00
synthetic_331,START,2024-01-01 03:00:00
synthetic_331,7,2024-01-01 04:00:00
synthetic_331,5,2024-01-01 05:00:00
synthetic_331,2,2024-01-01 06:00:00
synthetic_332,START,2024-01-01 00:00:00
synthetic_332,START,2024-01-01 01:00:00
synthetic_332,START,2024-01-01 02:00:00
synthetic_332,1,2024-01-01 03:00:00
synthetic_333,9,2024-01-01 00:00:00
synthetic_333,START,2024-01-01 01:00:00
synthetic_333,START,2024-01-01 02:00:00
synthetic_333,START,2024-01-01 03:00:00
synthetic_333,7,2024-01-01 04:00:00
synthetic_333,1,2024-01-01 05:00:00
synthetic_333,START,2024-01-01 06:00:00
synthetic_333,2,2024-01-01 07:00:00
synthetic_333,5,2024-01-01 08:00:00
synthetic_334,START,2024-01-01 00:00:00
synthetic_334,START,2024-01-01 01:00:00
synthetic_334,1,2024-01-01 02:00:00
synthetic_334,7,2024-01-01 03:00:00
synthetic_334,7,2024-01-01 04:00:00
synthetic_334,1,2024-01-01 05:00:00
synthetic_334,6,2024-01-01 06:00:00
synthetic_335,START,2024-01-01 00:00:00
synthetic_335,START,2024-01-01 01:00:00
synthetic_335,START,2024-01-01 02:00:00
synthetic_335,START,2024-01-01 03:00:00
synthetic_335,2,2024-01-01 04:00:00
synthetic_335,9,2024-01-01 05:00:00
synthetic_336,START,2024-01-01 00:00:00
synthetic_336,START,2024-01-01 01:00:00
synthetic_336,6,2024-01-01 02:00:00
synthetic_336,START,2024-01-01 03:00:00
synthetic_336,START,2024-01-01 04:00:00
synthetic_336,START,2024-01-01 05:00:00
synthetic_336,START,2024-01-01 06:00:00
synthetic_336,5,2024-01-01 07:00:00
synthetic_336,7,2024-01-01 08:00:00
synthetic_337,6,2024-01-01 00:00:00
synthetic_337,2,2024-01-01 01:00:00
synthetic_337,1,2024-01-01 02:00:00
synthetic_337,9,2024-01-01 03:00:00
synthetic_337,1,2024-01-01 04:00:00
synthetic_337,START,2024-01-01 05:00:00
synthetic_337,1,2024-01-01 06:00:00
synthetic_338,1,2024-01-01 00:00:00
synthetic_338,START,2024-01-01 01:00:00
synthetic_338,START,2024-01-01 02:00:00
synthetic_338,START,2024-01-01 03:00:00
synthetic_338,2,2024-01-01 04:00:00
synthetic_338,1,2024-01-01 05:00:00
synthetic_338,1,2024-01-01 06:00:00
synthetic_339,START,2024-01-01 00:00:00
synthetic_339,START,2024-01-01 01:00:00
synthetic_339,START,2024-01-01 02:00:00
synthetic_339,START,2024-01-01 03:00:00
synthetic_339,1,2024-01-01 04:00:00
synthetic_339,4,2024-01-01 05:00:00
synthetic_339,6,2024-01-01 06:00:00
synthetic_340,START,2024-01-01 00:00:00
synthetic_340,6,2024-01-01 01:00:00
synthetic_340,5,2024-01-01 02:00:00
synthetic_340,START,2024-01-01 03:00:00
synthetic_340,START,2024-01-01 04:00:00
synthetic_340,2,2024-01-01 05:00:00
synthetic_340,7,2024-01-01 06:00:00
synthetic_341,START,2024-01-01 00:00:00
synthetic_341,START,2024-01-01 01:00:00
synthetic_341,START,2024-01-01 02:00:00
synthetic_341,START,2024-01-01 03:00:00
synthetic_341,1,2024-01-01 04:00:00
synthetic_341,7,2024-01-01 05:00:00
synthetic_341,8,2024-01-01 06:00:00
synthetic_341,START,2024-01-01 07:00:00
synthetic_341,2,2024-01-01 08:00:00
synthetic_341,6,2024-01-01 09:00:00
synthetic_342,5,2024-01-01 00:00:00
synthetic_342,START,2024-01-01 01:00:00
synthetic_342,3,2024-01-01 02:00:00
synthetic_342,START,2024-01-01 03:00:00
synthetic_342,4,2024-01-01 04:00:00
synthetic_342,1,2024-01-01 05:00:00
synthetic_342,1,2024-01-01 06:00:00
synthetic_342,START,2024-01-01 07:00:00
synthetic_343,START,2024-01-01 00:00:00
synthetic_343,5,2024-01-01 01:00:00
synthetic_343,6,2024-01-01 02:00:00
synthetic_343,5,2024-01-01 03:00:00
synthetic_343,5,2024-01-01 04:00:00
synthetic_344,8,2024-01-01 00:00:00
synthetic_344,START,2024-01-01 01:00:00
synthetic_344,START,2024-01-01 02:00:00
synthetic_344,START,2024-01-01 03:00:00
synthetic_344,2,2024-01-01 04:00:00
synthetic_344,7,2024-01-01 05:00:00
synthetic_344,START,2024-01-01 06:00:00
synthetic_345,START,2024-01-01 00:00:00
synthetic_345,START,2024-01-01 01:00:00
synthetic_345,3,2024-01-01 02:00:00
synthetic_345,START,2024-01-01 03:00:00
synthetic_346,START,2024-01-01 00:00:00
synthetic_346,START,2024-01-01 01:00:00
synthetic_346,7,2024-01-01 02:00:00
synthetic_346,8,2024-01-01 03:00:00
synthetic_346,3,2024-01-01 04:00:00
synthetic_346,START,2024-01-01 05:00:00
synthetic_346,6,2024-01-01 06:00:00
synthetic_346,5,2024-01-01 07:00:00
synthetic_346,1,2024-01-01 08:00:00
synthetic_347,START,2024-01-01 00:00:00
synthetic_347,START,2024-01-01 01:00:00
synthetic_347,START,2024-01-01 02:00:00
synthetic_347,7,2024-01-01 03:00:00
synthetic_347,9,2024-01-01 04:00:00
synthetic_347,START,2024-01-01 05:00:00
synthetic_347,START,2024-01-01 06:00:00
synthetic_347,2,2024-01-01 07:00:00
synthetic_348,START,2024-01-01 00:00:00
synthetic_348,6,2024-01-01 01:00:00
synthetic_348,2,2024-01-01 02:00:00
synthetic_348,START,2024-01-01 03:00:00
synthetic_348,7,2024-01-01 04:00:00
synthetic_348,START,2024-01-01 05:00:00
synthetic_348,3,2024-01-01 06:00:00
synthetic_348,6,2024-01-01 07:00:00
synthetic_349,START,2024-01-01 00:00:00
synthetic_349,START,2024-01-01 01:00:00
synthetic_349,START,2024-01-01 02:00:00
synthetic_349,START,2024-01-01 03:00:00
synthetic_349,START,2024-01-01 04:00:00
synthetic_350,START,2024-01-01 00:00:00
synthetic_350,START,2024-01-01 01:00:00
synthetic_350,3,2024-01-01 02:00:00
synthetic_350,START,2024-01-01 03:00:00
synthetic_350,4,2024-01-01 04:00:00
synthetic_350,1,2024-01-01 05:00:00
synthetic_351,START,2024-01-01 00:00:00
synthetic_351,START,2024-01-01 01:00:00
synthetic_351,2,2024-01-01 02:00:00
synthetic_351,START,2024-01-01 03:00:00
synthetic_352,START,2024-01-01 00:00:00
synthetic_352,START,2024-01-01 01:00:00
synthetic_352,START,2024-01-01 02:00:00
synthetic_352,4,2024-01-01 03:00:00
synthetic_352,1,2024-01-01 04:00:00
synthetic_352,5,2024-01-01 05:00:00
synthetic_352,2,2024-01-01 06:00:00
synthetic_353,START,2024-01-01 00:00:00
synthetic_353,START,2024-01-01 01:00:00
synthetic_353,START,2024-01-01 02:00:00
synthetic_353,START,2024-01-01 03:00:00
synthetic_353,2,2024-01-01 04:00:00
synthetic_353,2,2024-01-01 05:00:00
synthetic_353,1,2024-01-01 06:00:00
synthetic_353,9,2024-01-01 07:00:00
synthetic_354,START,2024-01-01 00:00:00
synthetic_354,START,2024-01-01 01:00:00
synthetic_354,START,2024-01-01 02:00:00
synthetic_354,START,2024-01-01 03:00:00
synthetic_354,8,2024-01-01 04:00:00
synthetic_355,5,2024-01-01 00:00:00
synthetic_355,START,2024-01-01 01:00:00
synthetic_355,START,2024-01-01 02:00:00
synthetic_355,START,2024-01-01 03:00:00
synthetic_355,7,2024-01-01 04:00:00
synthetic_355,1,2024-01-01 05:00:00
synthetic_355,5,2024-01-01 06:00:00
synthetic_356,START,2024-01-01 00:00:00
synthetic_356,3,2024-01-01 01:00:00
synthetic_356,3,2024-01-01 02:00:00
synthetic_356,5,2024-01-01 03:00:00
synthetic_357,1,2024-01-01 00:00:00
synthetic_357,1,2024-01-01 01:00:00
synthetic_357,START,2024-01-01 02:00:00
synthetic_357,9,2024-01-01 03:00:00
synthetic_357,7,2024-01-01 04:00:00
synthetic_357,3,2024-01-01 05:00:00
synthetic_357,5,2024-01-01 06:00:00
synthetic_357,START,2024-01-01 07:00:00
synthetic_357,5,2024-01-01 08:00:00
synthetic_358,START,2024-01-01 00:00:00
synthetic_358,START,2024-01-01 01:00:00
synthetic_358,START,2024-01-01 02:00:00
synthetic_358,START,2024-01-01 03:00:00
synthetic_358,START,2024-01-01 04:00:00
synthetic_358,START,2024-01-01 05:00:00
synthetic_358,1,2024-01-01 06:00:00
synthetic_358,5,2024-01-01 07:00:00
synthetic_359,START,2024-01-01 00:00:00
synthetic_359,START,2024-01-01 01:00:00
synthetic_359,2,2024-01-01 02:00:00
synthetic_359,START,2024-01-01 03:00:00
synthetic_359,2,2024-01-01 04:00:00
synthetic_360,START,2024-01-01 00:00:00
synthetic_360,START,2024-01-01 01:00:00
synthetic_360,START,2024-01-01 02:00:00
synthetic_360,START,2024-01-01 03:00:00
synthetic_360,START,2024-01-01 04:00:00
synthetic_360,START,2024-01-01 05:00:00
synthetic_360,START,2024-01-01 06:00:00
synthetic_360,1,2024-01-01 07:00:00
synthetic_360,START,2024-01-01 08:00:00
synthetic_360,2,2024-01-01 09:00:00
synthetic_361,START,2024-01-01 00:00:00
synthetic_361,START,2024-01-01 01:00:00
synthetic_361,START,2024-01-01 02:00:00
synthetic_361,6,2024-01-01 03:00:00
synthetic_361,5,2024-01-01 04:00:00
synthetic_361,3,2024-01-01 05:00:00
synthetic_361,6,2024-01-01 06:00:00
synthetic_361,1,2024-01-01 07:00:00
synthetic_362,START,2024-01-01 00:00:00
synthetic_362,START,2024-01-01 01:00:00
synthetic_362,9,2024-01-01 02:00:00
synthetic_362,2,2024-01-01 03:00:00
synthetic_362,START,2024-01-01 04:00:00
synthetic_362,5,2024-01-01 05:00:00
synthetic_362,START,2024-01-01 06:00:00
synthetic_362,START,2024-01-01 07:00:00
synthetic_363,START,2024-01-01 00:00:00
synthetic_363,7,2024-01-01 01:00:00
synthetic_363,START,2024-01-01 02:00:00
synthetic_363,START,2024-01-01 03:00:00
synthetic_363,5,2024-01-01 04:00:00
synthetic_363,3,2024-01-01 05:00:00
synthetic_363,3,2024-01-01 06:00:00
synthetic_364,START,2024-01-01 00:00:00
synthetic_364,START,2024-01-01 01:00:00
synthetic_364,6,2024-01-01 02:00:00
synthetic_364,START,2024-01-01 03:00:00
synthetic_364,START,2024-01-01 04:00:00
synthetic_364,START,2024-01-01 05:00:00
synthetic_364,START,2024-01-01 06:00:00
synthetic_365,START,2024-01-01 00:00:00
synthetic_365,START,2024-01-01 01:00:00
synthetic_365,9,2024-01-01 02:00:00
synthetic_365,START,2024-01-01 03:00:00
synthetic_365,5,2024-01-01 04:00:00
synthetic_365,9,2024-01-01 05:00:00
synthetic_365,START,2024-01-01 06:00:00
synthetic_365,START,2024-01-01 07:00:00
synthetic_365,5,2024-01-01 08:00:00
synthetic_366,START,2024-01-01 00:00:00
synthetic_366,5,2024-01-01 01:00:00
synthetic_366,3,2024-01-01 02:00:00
synthetic_366,START,2024-01-01 03:00:00
synthetic_366,1,2024-01-01 04:00:00
synthetic_366,4,2024-01-01 05:00:00
synthetic_366,START,2024-01-01 06:00:00
synthetic_366,8,2024-01-01 07:00:00
synthetic_367,START,2024-01-01 00:00:00
synthetic_367,9,2024-01-01 01:00:00
synthetic_367,START,2024-01-01 02:00:00
synthetic_367,5,2024-01-01 03:00:00
synthetic_368,START,2024-01-01 00:00:00
synthetic_368,START,2024-01-01 01:00:00
synthetic_368,START,2024-01-01 02:00:00
synthetic_368,1,2024-01-01 03:00:00
synthetic_368,START,2024-01-01 04:00:00
synthetic_368,START,2024-01-01 05:00:00
synthetic_368,5,2024-01-01 06:00:00
synthetic_368,2,2024-01-01 07:00:00
synthetic_368,5,2024-01-01 08:00:00
synthetic_369,START,2024-01-01 00:00:00
synthetic_369,START,2024-01-01 01:00:00
synthetic_369,START,2024-01-01 02:00:00
synthetic_369,5,2024-01-01 03:00:00
synthetic_369,START,2024-01-01 04:00:00
synthetic_369,2,2024-01-01 05:00:00
synthetic_369,START,2024-01-01 06:00:00
synthetic_370,2,2024-01-01 00:00:00
synthetic_370,START,2024-01-01 01:00:00
synthetic_370,START,2024-01-01 02:00:00
synthetic_370,START,2024-01-01 03:00:00
synthetic_370,START,2024-01-01 04:00:00
synthetic_370,3,2024-01-01 05:00:00
synthetic_370,6,2024-01-01 06:00:00
synthetic_371,START,2024-01-01 00:00:00
synthetic_371,START,2024-01-01 01:00:00
synthetic_371,START,2024-01-01 02:00:00
synthetic_371,START,2024-01-01 03:00:00
synthetic_371,1,2024-01-01 04:00:00
synthetic_371,START,2024-01-01 05:00:00
synthetic_371,1,2024-01-01 06:00:00
synthetic_371,1,2024-01-01 07:00:00
synthetic_372,START,2024-01-01 00:00:00
synthetic_372,START,2024-01-01 01:00:00
synthetic_372,START,2024-01-01 02:00:00
synthetic_372,START,2024-01-01 03:00:00
synthetic_372,7,2024-01-01 04:00:00
synthetic_372,9,2024-01-01 05:00:00
synthetic_372,8,2024-01-01 06:00:00
synthetic_373,1,2024-01-01 00:00:00
synthetic_373,START,2024-01-01 01:00:00
synthetic_373,START,2024-01-01 02:00:00
synthetic_373,START,2024-01-01 03:00:00
synthetic_373,7,2024-01-01 04:00:00
synthetic_373,START,2024-01-01 05:00:00
synthetic_374,START,2024-01-01 00:00:00
synthetic_374,START,2024-01-01 01:00:00
synthetic_374,START,2024-01-01 02:00:00
synthetic_374,START,2024-01-01 03:00:00
synthetic_374,START,2024-01-01 04:00:00
synthetic_374,2,2024-01-01 05:00:00
synthetic_374,2,2024-01-01 06:00:00
synthetic_374,START,2024-01-01 07:00:00
synthetic_375,START,2024-01-01 00:00:00
synthetic_375,START,2024-01-01 01:00:00
synthetic_375,1,2024-01-01 02:00:00
synthetic_375,START,2024-01-01 03:00:00
synthetic_375,START,2024-01-01 04:00:00
synthetic_375,5,2024-01-01 05:00:00
synthetic_375,2,2024-01-01 06:00:00
synthetic_376,START,2024-01-01 00:00:00
synthetic_376,3,2024-01-01 01:00:00
synthetic_376,START,2024-01-01 02:00:00
synthetic_376,START,2024-01-01 03:00:00
synthetic_376,START,2024-01-01 04:00:00
synthetic_376,7,2024-01-01 05:00:00
synthetic_377,START,2024-01-01 00:00:00
synthetic_377,5,2024-01-01 01:00:00
synthetic_377,START,2024-01-01 02:00:00
synthetic_377,2,2024-01-01 03:00:00
synthetic_377,5,2024-01-01 04:00:00
synthetic_377,1,2024-01-01 05:00:00
synthetic_378,START,2024-01-01 00:00:00
synthetic_378,3,2024-01-01 01:00:00
synthetic_378,2,2024-01-01 02:00:00
synthetic_378,7,2024-01-01 03:00:00
synthetic_378,START,2024-01-01 04:00:00
synthetic_378,START,2024-01-01 05:00:00
synthetic_378,3,2024-01-01 06:00:00
synthetic_379,START,2024-01-01 00:00:00
synthetic_379,START,2024-01-01 01:00:00
synthetic_379,8,2024-01-01 02:00:00
synthetic_379,1,2024-01-01 03:00:00
synthetic_379,START,2024-01-01 04:00:00
synthetic_379,START,2024-01-01 05:00:00
synthetic_379,1,2024-01-01 06:00:00
synthetic_380,START,2024-01-01 00:00:00
synthetic_380,START,2024-01-01 01:00:00
synthetic_380,START,2024-01-01 02:00:00
synthetic_380,2,2024-01-01 03:00:00
synthetic_380,START,2024-01-01 04:00:00
synthetic_380,2,2024-01-01 05:00:00
synthetic_380,8,2024-01-01 06:00:00
synthetic_380,3,2024-01-01 07:00:00
synthetic_381,START,2024-01-01 00:00:00
synthetic_381,1,2024-01-01 01:00:00
synthetic_381,START,2024-01-01 02:00:00
synthetic_381,2,2024-01-01 03:00:00
synthetic_381,9,2024-01-01 04:00:00
synthetic_381,8,2024-01-01 05:00:00
synthetic_381,3,2024-01-01 06:00:00
synthetic_382,8,2024-01-01 00:00:00
synthetic_382,START,2024-01-01 01:00:00
synthetic_382,START,2024-01-01 02:00:00
synthetic_382,4,2024-01-01 03:00:00
synthetic_382,1,2024-01-01 04:00:00
synthetic_382,START,2024-01-01 05:00:00
synthetic_382,START,2024-01-01 06:00:00
synthetic_382,9,2024-01-01 07:00:00
synthetic_382,4,2024-01-01 08:00:00
synthetic_383,START,2024-01-01 00:00:00
synthetic_383,START,2024-01-01 01:00:00
synthetic_383,1,2024-01-01 02:00:00
synthetic_383,START,2024-01-01 03:00:00
synthetic_383,1,2024-01-01 04:00:00
synthetic_383,6,2024-01-01 05:00:00
synthetic_383,6,2024-01-01 06:00:00
synthetic_384,2,2024-01-01 00:00:00
synthetic_384,START,2024-01-01 01:00:00
synthetic_384,2,2024-01-01 02:00:00
synthetic_384,START,2024-01-01 03:00:00
synthetic_384,1,2024-01-01 04:00:00
synthetic_384,1,2024-01-01 05:00:00
synthetic_384,5,2024-01-01 06:00:00
synthetic_384,1,2024-01-01 07:00:00
synthetic_385,START,2024-01-01 00:00:00
synthetic_385,7,2024-01-01 01:00:00
synthetic_385,2,2024-01-01 02:00:00
synthetic_386,START,2024-01-01 00:00:00
synthetic_386,5,2024-01-01 01:00:00
synthetic_386,8,2024-01-01 02:00:00
synthetic_386,9,2024-01-01 03:00:00
synthetic_386,5,2024-01-01 04:00:00
synthetic_386,5,2024-01-01 05:00:00
synthetic_387,START,2024-01-01 00:00:00
synthetic_387,START,2024-01-01 01:00:00
synthetic_387,START,2024-01-01 02:00:00
synthetic_387,4,2024-01-01 03:00:00
synthetic_387,5,2024-01-01 04:00:00
synthetic_387,START,2024-01-01 05:00:00
synthetic_387,5,2024-01-01 06:00:00
synthetic_387,5,2024-01-01 07:00:00
synthetic_388,START,2024-01-01 00:00:00
synthetic_388,START,2024-01-01 01:00:00
synthetic_388,1,2024-01-01 02:00:00
synthetic_388,START,2024-01-01 03:00:00
synthetic_388,START,2024-01-01 04:00:00
synthetic_389,START,2024-01-01 00:00:00
synthetic_389,START,2024-01-01 01:00:00
synthetic_389,START,2024-01-01 02:00:00
synthetic_389,3,2024-01-01 03:00:00
synthetic_389,1,2024-01-01 04:00:00
synthetic_389,START,2024-01-01 05:00:00
synthetic_389,7,2024-01-01 06:00:00
synthetic_389,6,2024-01-01 07:00:00
synthetic_389,START,2024-01-01 08:00:00
synthetic_390,8,2024-01-01 00:00:00
synthetic_390,1,2024-01-01 01:00:00
synthetic_390,START,2024-01-01 02:00:00
synthetic_390,1,2024-01-01 03:00:00
synthetic_390,START,2024-01-01 04:00:00
synthetic_390,3,2024-01-01 05:00:00
synthetic_390,2,2024-01-01 06:00:00
synthetic_390,8,2024-01-01 07:00:00
synthetic_391,START,2024-01-01 00:00:00
synthetic_391,1,2024-01-01 01:00:00
synthetic_391,1,2024-01-01 02:00:00
synthetic_391,2,2024-01-01 03:00:00
synthetic_391,2,2024-01-01 04:00:00
synthetic_391,5,2024-01-01 05:00:00
synthetic_391,8,2024-01-01 06:00:00
synthetic_392,START,2024-01-01 00:00:00
synthetic_392,START,2024-01-01 01:00:00
synthetic_392,START,2024-01-01 02:00:00
synthetic_392,2,2024-01-01 03:00:00
synthetic_392,START,2024-01-01 04:00:00
synthetic_392,START,2024-01-01 05:00:00
synthetic_392,7,2024-01-01 06:00:00
synthetic_392,3,2024-01-01 07:00:00
synthetic_393,1,2024-01-01 00:00:00
synthetic_393,1,2024-01-01 01:00:00
synthetic_393,1,2024-01-01 02:00:00
synthetic_393,1,2024-01-01 03:00:00
synthetic_393,2,2024-01-01 04:00:00
synthetic_393,1,2024-01-01 05:00:00
synthetic_394,START,2024-01-01 00:00:00
synthetic_394,START,2024-01-01 01:00:00
synthetic_394,9,2024-01-01 02:00:00
synthetic_394,START,2024-01-01 03:00:00
synthetic_394,START,2024-01-01 04:00:00
synthetic_394,START,2024-01-01 05:00:00
synthetic_394,5,2024-01-01 06:00:00
synthetic_395,START,2024-01-01 00:00:00
synthetic_395,8,2024-01-01 01:00:00
synthetic_395,5,2024-01-01 02:00:00
synthetic_395,5,2024-01-01 03:00:00
synthetic_395,START,2024-01-01 04:00:00
synthetic_395,6,2024-01-01 05:00:00
synthetic_395,START,2024-01-01 06:00:00
synthetic_395,3,2024-01-01 07:00:00
synthetic_395,6,2024-01-01 08:00:00
synthetic_395,9,2024-01-01 09:00:00
synthetic_396,START,2024-01-01 00:00:00
synthetic_396,START,2024-01-01 01:00:00
synthetic_396,START,2024-01-01 02:00:00
synthetic_396,1,2024-01-01 03:00:00
synthetic_396,1,2024-01-01 04:00:00
synthetic_396,START,2024-01-01 05:00:00
synthetic_396,4,2024-01-01 06:00:00
synthetic_396,1,2024-01-01 07:00:00
synthetic_397,START,2024-01-01 00:00:00
synthetic_397,START,2024-01-01 01:00:00
synthetic_397,5,2024-01-01 02:00:00
synthetic_397,START,2024-01-01 03:00:00
synthetic_397,8,2024-01-01 04:00:00
synthetic_397,START,2024-01-01 05:00:00
synthetic_398,START,2024-01-01 00:00:00
synthetic_398,START,2024-01-01 01:00:00
synthetic_398,9,2024-01-01 02:00:00
synthetic_398,2,2024-01-01 03:00:00
synthetic_398,START,2024-01-01 04:00:00
synthetic_398,START,2024-01-01 05:00:00
synthetic_398,START,2024-01-01 06:00:00
synthetic_398,4,2024-01-01 07:00:00
synthetic_398,1,2024-01-01 08:00:00
synthetic_399,START,2024-01-01 00:00:00
synthetic_399,START,2024-01-01 01:00:00
synthetic_399,START,2024-01-01 02:00:00
synthetic_399,3,2024-01-01 03:00:00
synthetic_399,START,2024-01-01 04:00:00
synthetic_399,START,2024-01-01 05:00:00
synthetic_399,START,2024-01-01 06:00:00
synthetic_400,START,2024-01-01 00:00:00
synthetic_400,8,2024-01-01 01:00:00
synthetic_400,START,2024-01-01 02:00:00
synthetic_400,START,2024-01-01 03:00:00
synthetic_400,START,2024-01-01 04:00:00
synthetic_400,START,2024-01-01 05:00:00
synthetic_400,3,2024-01-01 06:00:00
synthetic_400,3,2024-01-01 07:00:00
synthetic_400,6,2024-01-01 08:00:00
synthetic_401,START,2024-01-01 00:00:00
synthetic_401,START,2024-01-01 01:00:00
synthetic_401,START,2024-01-01 02:00:00
synthetic_401,6,2024-01-01 03:00:00
synthetic_401,START,2024-01-01 04:00:00
synthetic_401,3,2024-01-01 05:00:00
synthetic_401,1,2024-01-01 06:00:00
synthetic_402,START,2024-01-01 00:00:00
synthetic_402,START,2024-01-01 01:00:00
synthetic_402,START,2024-01-01 02:00:00
synthetic_402,START,2024-01-01 03:00:00
synthetic_402,START,2024-01-01 04:00:00
synthetic_402,2,2024-01-01 05:00:00
synthetic_402,5,2024-01-01 06:00:00
synthetic_403,START,2024-01-01 00:00:00
synthetic_403,START,2024-01-01 01:00:00
synthetic_403,START,2024-01-01 02:00:00
synthetic_403,2,2024-01-01 03:00:00
synthetic_403,1,2024-01-01 04:00:00
synthetic_403,6,2024-01-01 05:00:00
synthetic_403,2,2024-01-01 06:00:00
synthetic_403,4,2024-01-01 07:00:00
synthetic_403,3,2024-01-01 08:00:00
synthetic_404,START,2024-01-01 00:00:00
synthetic_404,START,2024-01-01 01:00:00
synthetic_404,1,2024-01-01 02:00:00
synthetic_404,START,2024-01-01 03:00:00
synthetic_404,START,2024-01-01 04:00:00
synthetic_404,2,2024-01-01 05:00:00
synthetic_404,3,2024-01-01 06:00:00
synthetic_404,START,2024-01-01 07:00:00
synthetic_404,2,2024-01-01 08:00:00
synthetic_405,START,2024-01-01 00:00:00
synthetic_405,2,2024-01-01 01:00:00
synthetic_405,START,2024-01-01 02:00:00
synthetic_405,START,2024-01-01 03:00:00
synthetic_405,3,2024-01-01 04:00:00
synthetic_405,2,2024-01-01 05:00:00
synthetic_405,START,2024-01-01 06:00:00
synthetic_406,START,2024-01-01 00:00:00
synthetic_406,START,2024-01-01 01:00:00
synthetic_406,START,2024-01-01 02:00:00
synthetic_406,START,2024-01-01 03:00:00
synthetic_406,3,2024-01-01 04:00:00
synthetic_406,5,2024-01-01 05:00:00
synthetic_406,8,2024-01-01 06:00:00
synthetic_406,3,2024-01-01 07:00:00
synthetic_407,START,2024-01-01 00:00:00
synthetic_407,START,2024-01-01 01:00:00
synthetic_407,START,2024-01-01 02:00:00
synthetic_407,START,2024-01-01 03:00:00
synthetic_407,1,2024-01-01 04:00:00
synthetic_407,1,2024-01-01 05:00:00
synthetic_407,1,2024-01-01 06:00:00
synthetic_407,START,2024-01-01 07:00:00
synthetic_407,START,2024-01-01 08:00:00
synthetic_407,START,2024-01-01 09:00:00
synthetic_408,START,2024-01-01 00:00:00
synthetic_408,7,2024-01-01 01:00:00
synthetic_408,START,2024-01-01 02:00:00
synthetic_408,2,2024-01-01 03:00:00
synthetic_408,START,2024-01-01 04:00:00
synthetic_408,START,2024-01-01 05:00:00
synthetic_408,3,2024-01-01 06:00:00
synthetic_408,START,2024-01-01 07:00:00
synthetic_408,2,2024-01-01 08:00:00
synthetic_408,5,2024-01-01 09:00:00
synthetic_409,START,2024-01-01 00:00:00
synthetic_409,START,2024-01-01 01:00:00
synthetic_409,START,2024-01-01 02:00:00
synthetic_409,1,2024-01-01 03:00:00
synthetic_409,1,2024-01-01 04:00:00
synthetic_409,7,2024-01-01 05:00:00
synthetic_410,START,2024-01-01 00:00:00
synthetic_410,1,2024-01-01 01:00:00
synthetic_410,9,2024-01-01 02:00:00
synthetic_410,5,2024-01-01 03:00:00
synthetic_410,START,2024-01-01 04:00:00
synthetic_410,2,2024-01-01 05:00:00
synthetic_410,START,2024-01-01 06:00:00
synthetic_410,START,2024-01-01 07:00:00
synthetic_411,START,2024-01-01 00:00:00
synthetic_411,START,2024-01-01 01:00:00
synthetic_411,2,2024-01-01 02:00:00
synthetic_411,8,2024-01-01 03:00:00
synthetic_411,5,2024-01-01 04:00:00
synthetic_411,START,2024-01-01 05:00:00
synthetic_411,3,2024-01-01 06:00:00
synthetic_411,5,2024-01-01 07:00:00
synthetic_411,3,2024-01-01 08:00:00
synthetic_412,START,2024-01-01 00:00:00
synthetic_412,START,2024-01-01 01:00:00
synthetic_412,START,2024-01-01 02:00:00
synthetic_412,START,2024-01-01 03:00:00
synthetic_412,6,2024-01-01 04:00:00
synthetic_412,START,2024-01-01 05:00:00
synthetic_412,START,2024-01-01 06:00:00
synthetic_412,START,2024-01-01 07:00:00
synthetic_413,9,2024-01-01 00:00:00
synthetic_413,3,2024-01-01 01:00:00
synthetic_413,5,2024-01-01 02:00:00
synthetic_413,1,2024-01-01 03:00:00
synthetic_413,6,2024-01-01 04:00:00
synthetic_414,START,2024-01-01 00:00:00
synthetic_414,START,2024-01-01 01:00:00
synthetic_414,START,2024-01-01 02:00:00
synthetic_414,START,2024-01-01 03:00:00
synthetic_414,START,2024-01-01 04:00:00
synthetic_414,4,2024-01-01 05:00:00
synthetic_414,2,2024-01-01 06:00:00
synthetic_414,5,2024-01-01 07:00:00
synthetic_414,3,2024-01-01 08:00:00
synthetic_415,START,2024-01-01 00:00:00
synthetic_415,START,2024-01-01 01:00:00
synthetic_415,START,2024-01-01 02:00:00
synthetic_415,6,2024-01-01 03:00:00
synthetic_415,6,2024-01-01 04:00:00
synthetic_415,1,2024-01-01 05:00:00
synthetic_415,START,2024-01-01 06:00:00
synthetic_416,START,2024-01-01 00:00:00
synthetic_416,START,2024-01-01 01:00:00
synthetic_416,START,2024-01-01 02:00:00
synthetic_416,2,2024-01-01 03:00:00
synthetic_416,6,2024-01-01 04:00:00
synthetic_416,START,2024-01-01 05:00:00
synthetic_416,2,2024-01-01 06:00:00
synthetic_417,START,2024-01-01 00:00:00
synthetic_417,8,2024-01-01 01:00:00
synthetic_417,1,2024-01-01 02:00:00
synthetic_417,START,2024-01-01 03:00:00
synthetic_417,START,2024-01-01 04:00:00
synthetic_417,START,2024-01-01 05:00:00
synthetic_417,7,2024-01-01 06:00:00
synthetic_418,START,2024-01-01 00:00:00
synthetic_418,1,2024-01-01 01:00:00
synthetic_418,START,2024-01-01 02:00:00
synthetic_418,1,2024-01-01 03:00:00
synthetic_418,4,2024-01-01 04:00:00
synthetic_419,START,2024-01-01 00:00:00
synthetic_419,START,2024-01-01 01:00:00
synthetic_419,4,2024-01-01 02:00:00
synthetic_419,START,2024-01-01 03:00:00
synthetic_419,START,2024-01-01 04:00:00
synthetic_419,START,2024-01-01 05:00:00
synthetic_419,START,2024-01-01 06:00:00
synthetic_419,9,2024-01-01 07:00:00
synthetic_420,START,2024-01-01 00:00:00
synthetic_420,START,2024-01-01 01:00:00
synthetic_420,START,2024-01-01 02:00:00
synthetic_420,START,2024-01-01 03:00:00
synthetic_420,9,2024-01-01 04:00:00
synthetic_420,9,2024-01-01 05:00:00
synthetic_420,3,2024-01-01 06:00:00
synthetic_421,1,2024-01-01 00:00:00
synthetic_421,6,2024-01-01 01:00:00
synthetic_421,START,2024-01-01 02:00:00
synthetic_421,START,2024-01-01 03:00:00
synthetic_421,5,2024-01-01 04:00:00
synthetic_421,9,2024-01-01 05:00:00
synthetic_421,1,2024-01-01 06:00:00
synthetic_422,START,2024-01-01 00:00:00
synthetic_422,1,2024-01-01 01:00:00
synthetic_422,START,2024-01-01 02:00:00
synthetic_422,START,2024-01-01 03:00:00
synthetic_422,2,2024-01-01 04:00:00
synthetic_423,START,2024-01-01 00:00:00
synthetic_423,START,2024-01-01 01:00:00
synthetic_423,START,2024-01-01 02:00:00
synthetic_423,START,2024-01-01 03:00:00
synthetic_423,7,2024-01-01 04:00:00
synthetic_423,6,2024-01-01 05:00:00
synthetic_423,1,2024-01-01 06:00:00
synthetic_424,START,2024-01-01 00:00:00
synthetic_424,START,2024-01-01 01:00:00
synthetic_424,START,2024-01-01 02:00:00
synthetic_424,START,2024-01-01 03:00:00
synthetic_424,6,2024-01-01 04:00:00
synthetic_424,3,2024-01-01 05:00:00
synthetic_424,1,2024-01-01 06:00:00
synthetic_425,1,2024-01-01 00:00:00
synthetic_425,1,2024-01-01 01:00:00
synthetic_425,9,2024-01-01 02:00:00
synthetic_425,2,2024-01-01 03:00:00
synthetic_425,3,2024-01-01 04:00:00
synthetic_425,1,2024-01-01 05:00:00
synthetic_425,9,2024-01-01 06:00:00
synthetic_426,START,2024-01-01 00:00:00
synthetic_426,START,2024-01-01 01:00:00
synthetic_426,6,2024-01-01 02:00:00
synthetic_426,1,2024-01-01 03:00:00
synthetic_426,START,2024-01-01 04:00:00
synthetic_426,START,2024-01-01 05:00:00
synthetic_426,START,2024-01-01 06:00:00
synthetic_426,7,2024-01-01 07:00:00
synthetic_426,5,2024-01-01 08:00:00
synthetic_427,START,2024-01-01 00:00:00
synthetic_427,START,2024-01-01 01:00:00
synthetic_427,START,2024-01-01 02:00:00
synthetic_427,START,2024-01-01 03:00:00
synthetic_428,START,2024-01-01 00:00:00
synthetic_428,START,2024-01-01 01:00:00
synthetic_428,START,2024-01-01 02:00:00
synthetic_428,START,2024-01-01 03:00:00
synthetic_428,5,2024-01-01 04:00:00
synthetic_428,2,2024-01-01 05:00:00
synthetic_429,START,2024-01-01 00:00:00
synthetic_429,START,2024-01-01 01:00:00
synthetic_429,START,2024-01-01 02:00:00
synthetic_429,START,2024-01-01 03:00:00
synthetic_429,2,2024-01-01 04:00:00
synthetic_429,3,2024-01-01 05:00:00
synthetic_429,5,2024-01-01 06:00:00
synthetic_429,3,2024-01-01 07:00:00
synthetic_430,START,2024-01-01 00:00:00
synthetic_430,START,2024-01-01 01:00:00
synthetic_430,START,2024-01-01 02:00:00
synthetic_430,START,2024-01-01 03:00:00
synthetic_430,9,2024-01-01 04:00:00
synthetic_430,5,2024-01-01 05:00:00
synthetic_430,9,2024-01-01 06:00:00
synthetic_430,START,2024-01-01 07:00:00
synthetic_430,5,2024-01-01 08:00:00
synthetic_430,6,2024-01-01 09:00:00
synthetic_431,START,2024-01-01 00:00:00
synthetic_431,START,2024-01-01 01:00:00
synthetic_431,1,2024-01-01 02:00:00
synthetic_431,START,2024-01-01 03:00:00
synthetic_431,START,2024-01-01 04:00:00
synthetic_431,START,2024-01-01 05:00:00
synthetic_431,4,2024-01-01 06:00:00
synthetic_432,START,2024-01-01 00:00:00
synthetic_432,START,2024-01-01 01:00:00
synthetic_432,2,2024-01-01 02:00:00
synthetic_432,5,2024-01-01 03:00:00
synthetic_432,1,2024-01-01 04:00:00
synthetic_432,2,2024-01-01 05:00:00
synthetic_432,8,2024-01-01 06:00:00
synthetic_433,START,2024-01-01 00:00:00
synthetic_433,START,2024-01-01 01:00:00
synthetic_433,START,2024-01-01 02:00:00
synthetic_433,START,2024-01-01 03:00:00
synthetic_433,START,2024-01-01 04:00:00
synthetic_433,1,2024-01-01 05:00:00
synthetic_433,8,2024-01-01 06:00:00
synthetic_433,START,2024-01-01 07:00:00
synthetic_434,START,2024-01-01 00:00:00
synthetic_434,START,2024-01-01 01:00:00
synthetic_434,START,2024-01-01 02:00:00
synthetic_434,7,2024-01-01 03:00:00
synthetic_435,START,2024-01-01 00:00:00
synthetic_435,START,2024-01-01 01:00:00
synthetic_435,START,2024-01-01 02:00:00
synthetic_435,START,2024-01-01 03:00:00
synthetic_435,1,2024-01-01 04:00:00
synthetic_435,START,2024-01-01 05:00:00
synthetic_435,2,2024-01-01 06:00:00
synthetic_435,5,2024-01-01 07:00:00
synthetic_435,2,2024-01-01 08:00:00
synthetic_436,START,2024-01-01 00:00:00
synthetic_436,3,2024-01-01 01:00:00
synthetic_436,START,2024-01-01 02:00:00
synthetic_436,START,2024-01-01 03:00:00
synthetic_436,START,2024-01-01 04:00:00
synthetic_436,START,2024-01-01 05:00:00
synthetic_436,START,2024-01-01 06:00:00
synthetic_437,9,2024-01-01 00:00:00
synthetic_437,START,2024-01-01 01:00:00
synthetic_437,START,2024-01-01 02:00:00
synthetic_437,START,2024-01-01 03:00:00
synthetic_437,1,2024-01-01 04:00:00
synthetic_437,1,2024-01-01 05:00:00
synthetic_437,7,2024-01-01 06:00:00
synthetic_437,START,2024-01-01 07:00:00
synthetic_437,6,2024-01-01 08:00:00
synthetic_438,START,2024-01-01 00:00:00
synthetic_438,START,2024-01-01 01:00:00
synthetic_438,1,2024-01-01 02:00:00
synthetic_438,START,2024-01-01 03:00:00
synthetic_438,START,2024-01-01 04:00:00
synthetic_439,START,2024-01-01 00:00:00
synthetic_439,START,2024-01-01 01:00:00
synthetic_439,7,2024-01-01 02:00:00
synthetic_439,START,2024-01-01 03:00:00
synthetic_439,6,2024-01-01 04:00:00
synthetic_439,START,2024-01-01 05:00:00
synthetic_439,5,2024-01-01 06:00:00
synthetic_439,1,2024-01-01 07:00:00
synthetic_439,4,2024-01-01 08:00:00
synthetic_439,5,2024-01-01 09:00:00
synthetic_440,START,2024-01-01 00:00:00
synthetic_440,START,2024-01-01 01:00:00
synthetic_440,5,2024-01-01 02:00:00
synthetic_440,START,2024-01-01 03:00:00
synthetic_440,6,2024-01-01 04:00:00
synthetic_440,2,2024-01-01 05:00:00
synthetic_441,START,2024-01-01 00:00:00
synthetic_441,5,2024-01-01 01:00:00
synthetic_441,START,2024-01-01 02:00:00
synthetic_441,3,2024-01-01 03:00:00
synthetic_441,2,2024-01-01 04:00:00
synthetic_441,9,2024-01-01 05:00:00
synthetic_441,9,2024-01-01 06:00:00
synthetic_441,8,2024-01-01 07:00:00
synthetic_441,2,2024-01-01 08:00:00
synthetic_442,START,2024-01-01 00:00:00
synthetic_442,5,2024-01-01 01:00:00
synthetic_442,6,2024-01-01 02:00:00
synthetic_442,START,2024-01-01 03:00:00
synthetic_442,4,2024-01-01 04:00:00
synthetic_442,START,2024-01-01 05:00:00
synthetic_442,6,2024-01-01 06:00:00
synthetic_442,1,2024-01-01 07:00:00
synthetic_442,5,2024-01-01 08:00:00
synthetic_442,8,2024-01-01 09:00:00
synthetic_443,START,2024-01-01 00:00:00
synthetic_443,START,2024-01-01 01:00:00
synthetic_443,START,2024-01-01 02:00:00
synthetic_443,START,2024-01-01 03:00:00
synthetic_443,3,2024-01-01 04:00:00
synthetic_443,3,2024-01-01 05:00:00
synthetic_444,START,2024-01-01 00:00:00
synthetic_444,START,2024-01-01 01:00:00
synthetic_444,1,2024-01-01 02:00:00
synthetic_444,2,2024-01-01 03:00:00
synthetic_444,2,2024-01-01 04:00:00
synthetic_444,1,2024-01-01 05:00:00
synthetic_444,START,2024-01-01 06:00:00
synthetic_444,START,2024-01-01 07:00:00
synthetic_445,START,2024-01-01 00:00:00
synthetic_445,START,2024-01-01 01:00:00
synthetic_445,START,2024-01-01 02:00:00
synthetic_445,START,2024-01-01 03:00:00
synthetic_445,8,2024-01-01 04:00:00
synthetic_445,START,2024-01-01 05:00:00
synthetic_445,6,2024-01-01 06:00:00
synthetic_445,9,2024-01-01 07:00:00
synthetic_446,START,2024-01-01 00:00:00
synthetic_446,5,2024-01-01 01:00:00
synthetic_446,8,2024-01-01 02:00:00
synthetic_446,START,2024-01-01 03:00:00
synthetic_446,START,2024-01-01 04:00:00
synthetic_446,START,2024-01-01 05:00:00
synthetic_446,6,2024-01-01 06:00:00
synthetic_447,START,2024-01-01 00:00:00
synthetic_447,1,2024-01-01 01:00:00
synthetic_447,START,2024-01-01 02:00:00
synthetic_447,START,2024-01-01 03:00:00
synthetic_447,2,2024-01-01 04:00:00
synthetic_447,1,2024-01-01 05:00:00
synthetic_447,START,2024-01-01 06:00:00
synthetic_448,2,2024-01-01 00:00:00
synthetic_448,1,2024-01-01 01:00:00
synthetic_448,START,2024-01-01 02:00:00
synthetic_448,3,2024-01-01 03:00:00
synthetic_448,START,2024-01-01 04:00:00
synthetic_448,6,2024-01-01 05:00:00
synthetic_448,START,2024-01-01 06:00:00
synthetic_448,6,2024-01-01 07:00:00
synthetic_449,START,2024-01-01 00:00:00
synthetic_449,START,2024-01-01 01:00:00
synthetic_449,START,2024-01-01 02:00:00
synthetic_449,START,2024-01-01 03:00:00
synthetic_449,START,2024-01-01 04:00:00
synthetic_449,8,2024-01-01 05:00:00
synthetic_450,START,2024-01-01 00:00:00
synthetic_450,START,2024-01-01 01:00:00
synthetic_450,START,2024-01-01 02:00:00
synthetic_450,5,2024-01-01 03:00:00
synthetic_450,9,2024-01-01 04:00:00
synthetic_450,5,2024-01-01 05:00:00
synthetic_450,4,2024-01-01 06:00:00
synthetic_450,7,2024-01-01 07:00:00
synthetic_450,START,2024-01-01 08:00:00
synthetic_451,START,2024-01-01 00:00:00
synthetic_451,START,2024-01-01 01:00:00
synthetic_451,START,2024-01-01 02:00:00
synthetic_451,6,2024-01-01 03:00:00
synthetic_451,START,2024-01-01 04:00:00
synthetic_451,5,2024-01-01 05:00:00
synthetic_451,START,2024-01-01 06:00:00
synthetic_452,START,2024-01-01 00:00:00
synthetic_452,START,2024-01-01 01:00:00
synthetic_452,START,2024-01-01 02:00:00
synthetic_452,START,2024-01-01 03:00:00
synthetic_452,START,2024-01-01 04:00:00
synthetic_452,1,2024-01-01 05:00:00
synthetic_453,START,2024-01-01 00:00:00
synthetic_453,1,2024-01-01 01:00:00
synthetic_453,START,2024-01-01 02:00:00
synthetic_453,START,2024-01-01 03:00:00
synthetic_453,START,2024-01-01 04:00:00
synthetic_453,1,2024-01-01 05:00:00
synthetic_453,4,2024-01-01 06:00:00
synthetic_453,4,2024-01-01 07:00:00
synthetic_454,START,2024-01-01 00:00:00
synthetic_454,START,2024-01-01 01:00:00
synthetic_454,START,2024-01-01 02:00:00
synthetic_454,START,2024-01-01 03:00:00
synthetic_454,2,2024-01-01 04:00:00
synthetic_454,1,2024-01-01 05:00:00
synthetic_455,START,2024-01-01 00:00:00
synthetic_455,START,2024-01-01 01:00:00
synthetic_455,START,2024-01-01 02:00:00
synthetic_455,5,2024-01-01 03:00:00
synthetic_455,START,2024-01-01 04:00:00
synthetic_455,START,2024-01-01 05:00:00
synthetic_455,7,2024-01-01 06:00:00
synthetic_456,2,2024-01-01 00:00:00
synthetic_456,START,2024-01-01 01:00:00
synthetic_456,START,2024-01-01 02:00:00
synthetic_456,START,2024-01-01 03:00:00
synthetic_456,3,2024-01-01 04:00:00
synthetic_456,4,2024-01-01 05:00:00
synthetic_456,5,2024-01-01 06:00:00
synthetic_456,4,2024-01-01 07:00:00
synthetic_457,2,2024-01-01 00:00:00
synthetic_457,4,2024-01-01 01:00:00
synthetic_457,START,2024-01-01 02:00:00
synthetic_457,START,2024-01-01 03:00:00
synthetic_457,7,2024-01-01 04:00:00
synthetic_458,START,2024-01-01 00:00:00
synthetic_458,START,2024-01-01 01:00:00
synthetic_458,START,2024-01-01 02:00:00
synthetic_458,START,2024-01-01 03:00:00
synthetic_458,START,2024-01-01 04:00:00
synthetic_458,1,2024-01-01 05:00:00
synthetic_458,1,2024-01-01 06:00:00
synthetic_458,2,2024-01-01 07:00:00
synthetic_458,START,2024-01-01 08:00:00
synthetic_459,START,2024-01-01 00:00:00
synthetic_459,3,2024-01-01 01:00:00
synthetic_459,4,2024-01-01 02:00:00
synthetic_459,6,2024-01-01 03:00:00
synthetic_459,6,2024-01-01 04:00:00
synthetic_460,START,2024-01-01 00:00:00
synthetic_460,5,2024-01-01 01:00:00
synthetic_460,START,2024-01-01 02:00:00
synthetic_460,START,2024-01-01 03:00:00
synthetic_460,5,2024-01-01 04:00:00
synthetic_460,6,2024-01-01 05:00:00
synthetic_460,8,2024-01-01 06:00:00
synthetic_461,START,2024-01-01 00:00:00
synthetic_461,3,2024-01-01 01:00:00
synthetic_461,6,2024-01-01 02:00:00
synthetic_462,START,2024-01-01 00:00:00
synthetic_462,START,2024-01-01 01:00:00
synthetic_462,3,2024-01-01 02:00:00
synthetic_462,2,2024-01-01 03:00:00
synthetic_462,START,2024-01-01 04:00:00
synthetic_462,START,2024-01-01 05:00:00
synthetic_462,2,2024-01-01 06:00:00
synthetic_462,START,2024-01-01 07:00:00
synthetic_463,START,2024-01-01 00:00:00
synthetic_463,START,2024-01-01 01:00:00
synthetic_463,START,2024-01-01 02:00:00
synthetic_463,3,2024-01-01 03:00:00
synthetic_463,START,2024-01-01 04:00:00
synthetic_463,START,2024-01-01 05:00:00
synthetic_463,2,2024-01-01 06:00:00
synthetic_463,7,2024-01-01 07:00:00
synthetic_464,START,2024-01-01 00:00:00
synthetic_464,START,2024-01-01 01:00:00
synthetic_464,START,2024-01-01 02:00:00
synthetic_464,1,2024-01-01 03:00:00
synthetic_464,5,2024-01-01 04:00:00
synthetic_464,5,2024-01-01 05:00:00
synthetic_464,9,2024-01-01 06:00:00
synthetic_465,START,2024-01-01 00:00:00
synthetic_465,START,2024-01-01 01:00:00
synthetic_465,START,2024-01-01 02:00:00
synthetic_465,3,2024-01-01 03:00:00
synthetic_465,START,2024-01-01 04:00:00
synthetic_465,6,2024-01-01 05:00:00
synthetic_465,9,2024-01-01 06:00:00
synthetic_465,START,2024-01-01 07:00:00
synthetic_466,START,2024-01-01 00:00:00
synthetic_466,START,2024-01-01 01:00:00
synthetic_466,START,2024-01-01 02:00:00
synthetic_466,5,2024-01-01 03:00:00
synthetic_466,START,2024-01-01 04:00:00
synthetic_466,9,2024-01-01 05:00:00
synthetic_467,START,2024-01-01 00:00:00
synthetic_467,START,2024-01-01 01:00:00
synthetic_467,START,2024-01-01 02:00:00
synthetic_467,START,2024-01-01 03:00:00
synthetic_467,9,2024-01-01 04:00:00
synthetic_467,2,2024-01-01 05:00:00
synthetic_467,1,2024-01-01 06:00:00
synthetic_467,START,2024-01-01 07:00:00
synthetic_467,START,2024-01-01 08:00:00
synthetic_468,3,2024-01-01 00:00:00
synthetic_468,START,2024-01-01 01:00:00
synthetic_468,START,2024-01-01 02:00:00
synthetic_468,9,2024-01-01 03:00:00
synthetic_468,START,2024-01-01 04:00:00
synthetic_468,6,2024-01-01 05:00:00
synthetic_469,START,2024-01-01 00:00:00
synthetic_469,START,2024-01-01 01:00:00
synthetic_469,4,2024-01-01 02:00:00
synthetic_469,START,2024-01-01 03:00:00
synthetic_469,START,2024-01-01 04:00:00
synthetic_469,8,2024-01-01 05:00:00
synthetic_469,1,2024-01-01 06:00:00
synthetic_469,3,2024-01-01 07:00:00
synthetic_469,5,2024-01-01 08:00:00
synthetic_470,START,2024-01-01 00:00:00
synthetic_470,1,2024-01-01 01:00:00
synthetic_470,START,2024-01-01 02:00:00
synthetic_470,START,2024-01-01 03:00:00
synthetic_470,7,2024-01-01 04:00:00
synthetic_470,1,2024-01-01 05:00:00
synthetic_471,1,2024-01-01 00:00:00
synthetic_471,5,2024-01-01 01:00:00
synthetic_471,5,2024-01-01 02:00:00
synthetic_471,5,2024-01-01 03:00:00
synthetic_471,START,2024-01-01 04:00:00
synthetic_471,7,2024-01-01 05:00:00
synthetic_471,1,2024-01-01 06:00:00
synthetic_471,2,2024-01-01 07:00:00
synthetic_472,START,2024-01-01 00:00:00
synthetic_472,START,2024-01-01 01:00:00
synthetic_472,2,2024-01-01 02:00:00
synthetic_472,5,2024-01-01 03:00:00
synthetic_472,START,2024-01-01 04:00:00
synthetic_472,START,2024-01-01 05:00:00
synthetic_472,9,2024-01-01 06:00:00
synthetic_473,START,2024-01-01 00:00:00
synthetic_473,START,2024-01-01 01:00:00
synthetic_473,START,2024-01-01 02:00:00
synthetic_473,START,2024-01-01 03:00:00
synthetic_473,1,2024-01-01 04:00:00
synthetic_473,6,2024-01-01 05:00:00
synthetic_473,START,2024-01-01 06:00:00
synthetic_474,START,2024-01-01 00:00:00
synthetic_474,START,2024-01-01 01:00:00
synthetic_474,1,2024-01-01 02:00:00
synthetic_474,START,2024-01-01 03:00:00
synthetic_474,START,2024-01-01 04:00:00
synthetic_474,1,2024-01-01 05:00:00
synthetic_474,1,2024-01-01 06:00:00
synthetic_475,START,2024-01-01 00:00:00
synthetic_475,START,2024-01-01 01:00:00
synthetic_475,START,2024-01-01 02:00:00
synthetic_475,2,2024-01-01 03:00:00
synthetic_475,START,2024-01-01 04:00:00
synthetic_475,2,2024-01-01 05:00:00
synthetic_475,5,2024-01-01 06:00:00
synthetic_476,START,2024-01-01 00:00:00
synthetic_476,START,2024-01-01 01:00:00
synthetic_476,START,2024-01-01 02:00:00
synthetic_476,START,2024-01-01 03:00:00
synthetic_476,START,2024-01-01 04:00:00
synthetic_476,3,2024-01-01 05:00:00
synthetic_476,START,2024-01-01 06:00:00
synthetic_476,5,2024-01-01 07:00:00
synthetic_477,START,2024-01-01 00:00:00
synthetic_477,START,2024-01-01 01:00:00
synthetic_477,START,2024-01-01 02:00:00
synthetic_477,3,2024-01-01 03:00:00
synthetic_477,START,2024-01-01 04:00:00
synthetic_477,1,2024-01-01 05:00:00
synthetic_477,7,2024-01-01 06:00:00
synthetic_477,9,2024-01-01 07:00:00
synthetic_477,5,2024-01-01 08:00:00
synthetic_478,START,2024-01-01 00:00:00
synthetic_478,5,2024-01-01 01:00:00
synthetic_478,START,2024-01-01 02:00:00
synthetic_478,START,2024-01-01 03:00:00
synthetic_479,START,2024-01-01 00:00:00
synthetic_479,5,2024-01-01 01:00:00
synthetic_479,5,2024-01-01 02:00:00
synthetic_479,START,2024-01-01 03:00:00
synthetic_479,5,2024-01-01 04:00:00
synthetic_479,START,2024-01-01 05:00:00
synthetic_479,1,2024-01-01 06:00:00
synthetic_479,5,2024-01-01 07:00:00
synthetic_479,3,2024-01-01 08:00:00
synthetic_480,3,2024-01-01 00:00:00
synthetic_480,1,2024-01-01 01:00:00
synthetic_480,START,2024-01-01 02:00:00
synthetic_480,3,2024-01-01 03:00:00
synthetic_480,2,2024-01-01 04:00:00
synthetic_480,5,2024-01-01 05:00:00
synthetic_481,1,2024-01-01 00:00:00
synthetic_481,6,2024-01-01 01:00:00
synthetic_481,START,2024-01-01 02:00:00
synthetic_481,START,2024-01-01 03:00:00
synthetic_481,2,2024-01-01 04:00:00
synthetic_481,1,2024-01-01 05:00:00
synthetic_481,START,2024-01-01 06:00:00
synthetic_482,START,2024-01-01 00:00:00
synthetic_482,START,2024-01-01 01:00:00
synthetic_482,START,2024-01-01 02:00:00
synthetic_482,3,2024-01-01 03:00:00
synthetic_482,5,2024-01-01 04:00:00
synthetic_482,7,2024-01-01 05:00:00
synthetic_482,2,2024-01-01 06:00:00
synthetic_482,6,2024-01-01 07:00:00
synthetic_483,START,2024-01-01 00:00:00
synthetic_483,1,2024-01-01 01:00:00
synthetic_483,START,2024-01-01 02:00:00
synthetic_483,2,2024-01-01 03:00:00
synthetic_483,9,2024-01-01 04:00:00
synthetic_483,START,2024-01-01 05:00:00
synthetic_483,2,2024-01-01 06:00:00
synthetic_483,9,2024-01-01 07:00:00
synthetic_484,START,2024-01-01 00:00:00
synthetic_484,START,2024-01-01 01:00:00
synthetic_484,1,2024-01-01 02:00:00
synthetic_484,1,2024-01-01 03:00:00
synthetic_484,2,2024-01-01 04:00:00
synthetic_484,9,2024-01-01 05:00:00
synthetic_484,5,2024-01-01 06:00:00
synthetic_484,2,2024-01-01 07:00:00
synthetic_485,START,2024-01-01 00:00:00
synthetic_485,START,2024-01-01 01:00:00
synthetic_485,START,2024-01-01 02:00:00
synthetic_485,START,2024-01-01 03:00:00
synthetic_485,2,2024-01-01 04:00:00
synthetic_485,1,2024-01-01 05:00:00
synthetic_485,9,2024-01-01 06:00:00
synthetic_485,6,2024-01-01 07:00:00
synthetic_486,8,2024-01-01 00:00:00
synthetic_486,START,2024-01-01 01:00:00
synthetic_486,START,2024-01-01 02:00:00
synthetic_486,START,2024-01-01 03:00:00
synthetic_487,START,2024-01-01 00:00:00
synthetic_487,START,2024-01-01 01:00:00
synthetic_487,START,2024-01-01 02:00:00
synthetic_487,START,2024-01-01 03:00:00
synthetic_487,8,2024-01-01 04:00:00
synthetic_487,9,2024-01-01 05:00:00
synthetic_487,1,2024-01-01 06:00:00
synthetic_488,START,2024-01-01 00:00:00
synthetic_488,START,2024-01-01 01:00:00
synthetic_488,START,2024-01-01 02:00:00
synthetic_488,START,2024-01-01 03:00:00
synthetic_488,7,2024-01-01 04:00:00
synthetic_489,7,2024-01-01 00:00:00
synthetic_489,1,2024-01-01 01:00:00
synthetic_489,START,2024-01-01 02:00:00
synthetic_489,3,2024-01-01 03:00:00
synthetic_489,1,2024-01-01 04:00:00
synthetic_489,1,2024-01-01 05:00:00
synthetic_489,2,2024-01-01 06:00:00
synthetic_490,START,2024-01-01 00:00:00
synthetic_490,START,2024-01-01 01:00:00
synthetic_490,START,2024-01-01 02:00:00
synthetic_490,START,2024-01-01 03:00:00
synthetic_490,5,2024-01-01 04:00:00
synthetic_490,1,2024-01-01 05:00:00
synthetic_490,6,2024-01-01 06:00:00
synthetic_491,2,2024-01-01 00:00:00
synthetic_491,START,2024-01-01 01:00:00
synthetic_491,START,2024-01-01 02:00:00
synthetic_491,START,2024-01-01 03:00:00
synthetic_491,9,2024-01-01 04:00:00
synthetic_491,5,2024-01-01 05:00:00
synthetic_492,START,2024-01-01 00:00:00
synthetic_492,START,2024-01-01 01:00:00
synthetic_492,START,2024-01-01 02:00:00
synthetic_492,START,2024-01-01 03:00:00
synthetic_492,2,2024-01-01 04:00:00
synthetic_492,START,2024-01-01 05:00:00
synthetic_492,3,2024-01-01 06:00:00
synthetic_492,5,2024-01-01 07:00:00
synthetic_493,START,2024-01-01 00:00:00
synthetic_493,START,2024-01-01 01:00:00
synthetic_493,START,2024-01-01 02:00:00
synthetic_493,6,2024-01-01 03:00:00
synthetic_493,1,2024-01-01 04:00:00
synthetic_493,4,2024-01-01 05:00:00
synthetic_493,9,2024-01-01 06:00:00
synthetic_493,2,2024-01-01 07:00:00
synthetic_494,START,2024-01-01 00:00:00
synthetic_494,START,2024-01-01 01:00:00
synthetic_494,5,2024-01-01 02:00:00
synthetic_494,2,2024-01-01 03:00:00
synthetic_494,2,2024-01-01 04:00:00
synthetic_494,4,2024-01-01 05:00:00
synthetic_494,5,2024-01-01 06:00:00
synthetic_494,4,2024-01-01 07:00:00
synthetic_494,3,2024-01-01 08:00:00
synthetic_494,5,2024-01-01 09:00:00
synthetic_495,START,2024-01-01 00:00:00
synthetic_495,START,2024-01-01 01:00:00
synthetic_495,2,2024-01-01 02:00:00
synthetic_495,1,2024-01-01 03:00:00
synthetic_495,START,2024-01-01 04:00:00
synthetic_495,5,2024-01-01 05:00:00
synthetic_495,5,2024-01-01 06:00:00
synthetic_496,START,2024-01-01 00:00:00
synthetic_496,START,2024-01-01 01:00:00
synthetic_496,START,2024-01-01 02:00:00
synthetic_496,START,2024-01-01 03:00:00
synthetic_496,START,2024-01-01 04:00:00
synthetic_496,3,2024-01-01 05:00:00
synthetic_497,START,2024-01-01 00:00:00
synthetic_497,START,2024-01-01 01:00:00
synthetic_497,3,2024-01-01 02:00:00
synthetic_497,5,2024-01-01 03:00:00
synthetic_498,START,2024-01-01 00:00:00
synthetic_498,START,2024-01-01 01:00:00
synthetic_498,START,2024-01-01 02:00:00
synthetic_498,START,2024-01-01 03:00:00
synthetic_498,START,2024-01-01 04:00:00
synthetic_498,START,2024-01-01 05:00:00
synthetic_498,2,2024-01-01 06:00:00
synthetic_498,7,2024-01-01 07:00:00
synthetic_499,START,2024-01-01 00:00:00
synthetic_499,START,2024-01-01 01:00:00
synthetic_499,START,2024-01-01 02:00:00
synthetic_499,START,2024-01-01 03:00:00
synthetic_499,START,2024-01-01 04:00:00
synthetic_499,2,2024-01-01 05:00:00
synthetic_499,8,2024-01-01 06:00:00
synthetic_499,9,2024-01-01 07:00:00
synthetic_500,START,2024-01-01 00:00:00
synthetic_500,START,2024-01-01 01:00:00
synthetic_500,START,2024-01-01 02:00:00
synthetic_500,5,2024-01-01 03:00:00
synthetic_500,START,2024-01-01 04:00:00
synthetic_500,START,2024-01-01 05:00:00
synthetic_500,START,2024-01-01 06:00:00
synthetic_500,START,2024-01-01 07:00:00
synthetic_501,START,2024-01-01 00:00:00
synthetic_501,START,2024-01-01 01:00:00
synthetic_501,8,2024-01-01 02:00:00
synthetic_501,START,2024-01-01 03:00:00
synthetic_501,1,2024-01-01 04:00:00
synthetic_502,START,2024-01-01 00:00:00
synthetic_502,START,2024-01-01 01:00:00
synthetic_502,5,2024-01-01 02:00:00
synthetic_502,START,2024-01-01 03:00:00
synthetic_502,3,2024-01-01 04:00:00
synthetic_502,4,2024-01-01 05:00:00
synthetic_502,5,2024-01-01 06:00:00
synthetic_502,2,2024-01-01 07:00:00
synthetic_503,START,2024-01-01 00:00:00
synthetic_503,START,2024-01-01 01:00:00
synthetic_503,START,2024-01-01 02:00:00
synthetic_503,START,2024-01-01 03:00:00
synthetic_503,START,2024-01-01 04:00:00
synthetic_503,8,2024-01-01 05:00:00
synthetic_503,START,2024-01-01 06:00:00
synthetic_503,6,2024-01-01 07:00:00
synthetic_503,1,2024-01-01 08:00:00
synthetic_504,START,2024-01-01 00:00:00
synthetic_504,START,2024-01-01 01:00:00
synthetic_504,START,2024-01-01 02:00:00
synthetic_504,START,2024-01-01 03:00:00
synthetic_504,START,2024-01-01 04:00:00
synthetic_505,5,2024-01-01 00:00:00
synthetic_505,START,2024-01-01 01:00:00
synthetic_505,START,2024-01-01 02:00:00
synthetic_505,8,2024-01-01 03:00:00
synthetic_505,7,2024-01-01 04:00:00
synthetic_505,5,2024-01-01 05:00:00
synthetic_505,START,2024-01-01 06:00:00
synthetic_505,START,2024-01-01 07:00:00
synthetic_506,START,2024-01-01 00:00:00
synthetic_506,START,2024-01-01 01:00:00
synthetic_506,2,2024-01-01 02:00:00
synthetic_506,START,2024-01-01 03:00:00
synthetic_506,1,2024-01-01 04:00:00
synthetic_506,2,2024-01-01 05:00:00
synthetic_506,6,2024-01-01 06:00:00
synthetic_506,6,2024-01-01 07:00:00
synthetic_507,START,2024-01-01 00:00:00
synthetic_507,START,2024-01-01 01:00:00
synthetic_507,START,2024-01-01 02:00:00
synthetic_507,START,2024-01-01 03:00:00
synthetic_507,START,2024-01-01 04:00:00
synthetic_507,8,2024-01-01 05:00:00
synthetic_507,START,2024-01-01 06:00:00
synthetic_508,START,2024-01-01 00:00:00
synthetic_508,START,2024-01-01 01:00:00
synthetic_508,START,2024-01-01 02:00:00
synthetic_508,3,2024-01-01 03:00:00
synthetic_509,START,2024-01-01 00:00:00
synthetic_509,START,2024-01-01 01:00:00
synthetic_509,START,2024-01-01 02:00:00
synthetic_509,START,2024-01-01 03:00:00
synthetic_509,6,2024-01-01 04:00:00
synthetic_510,START,2024-01-01 00:00:00
synthetic_510,1,2024-01-01 01:00:00
synthetic_510,START,2024-01-01 02:00:00
synthetic_510,1,2024-01-01 03:00:00
synthetic_510,START,2024-01-01 04:00:00
synthetic_510,1,2024-01-01 05:00:00
synthetic_511,START,2024-01-01 00:00:00
synthetic_511,4,2024-01-01 01:00:00
synthetic_511,START,2024-01-01 02:00:00
synthetic_511,START,2024-01-01 03:00:00
synthetic_511,START,2024-01-01 04:00:00
synthetic_511,9,2024-01-01 05:00:00
synthetic_511,START,2024-01-01 06:00:00
synthetic_512,START,2024-01-01 00:00:00
synthetic_512,START,2024-01-01 01:00:00
synthetic_512,START,2024-01-01 02:00:00
synthetic_512,START,2024-01-01 03:00:00
synthetic_512,6,2024-01-01 04:00:00
synthetic_512,START,2024-01-01 05:00:00
synthetic_512,6,2024-01-01 06:00:00
synthetic_512,9,2024-01-01 07:00:00
synthetic_512,7,2024-01-01 08:00:00
synthetic_513,START,2024-01-01 00:00:00
synthetic_513,9,2024-01-01 01:00:00
synthetic_513,1,2024-01-01 02:00:00
synthetic_513,2,2024-01-01 03:00:00
synthetic_513,START,2024-01-01 04:00:00
synthetic_513,5,2024-01-01 05:00:00
synthetic_513,1,2024-01-01 06:00:00
synthetic_513,6,2024-01-01 07:00:00
synthetic_513,4,2024-01-01 08:00:00
synthetic_514,START,2024-01-01 00:00:00
synthetic_514,START,2024-01-01 01:00:00
synthetic_514,START,2024-01-01 02:00:00
synthetic_514,START,2024-01-01 03:00:00
synthetic_514,START,2024-01-01 04:00:00
synthetic_514,5,2024-01-01 05:00:00
synthetic_514,START,2024-01-01 06:00:00
synthetic_514,START,2024-01-01 07:00:00
synthetic_514,8,2024-01-01 08:00:00
synthetic_515,START,2024-01-01 00:00:00
synthetic_515,START,2024-01-01 01:00:00
synthetic_515,6,2024-01-01 02:00:00
synthetic_515,6,2024-01-01 03:00:00
synthetic_515,2,2024-01-01 04:00:00
synthetic_516,START,2024-01-01 00:00:00
synthetic_516,1,2024-01-01 01:00:00
synthetic_516,1,2024-01-01 02:00:00
synthetic_516,START,2024-01-01 03:00:00
synthetic_516,2,2024-01-01 04:00:00
synthetic_516,1,2024-01-01 05:00:00
synthetic_516,9,2024-01-01 06:00:00
synthetic_517,START,2024-01-01 00:00:00
synthetic_517,START,2024-01-01 01:00:00
synthetic_517,START,2024-01-01 02:00:00
synthetic_517,START,2024-01-01 03:00:00
synthetic_517,1,2024-01-01 04:00:00
synthetic_517,START,2024-01-01 05:00:00
synthetic_517,7,2024-01-01 06:00:00
synthetic_517,7,2024-01-01 07:00:00
synthetic_517,2,2024-01-01 08:00:00
synthetic_517,1,2024-01-01 09:00:00
synthetic_518,START,2024-01-01 00:00:00
synthetic_518,START,2024-01-01 01:00:00
synthetic_518,START,2024-01-01 02:00:00
synthetic_518,4,2024-01-01 03:00:00
synthetic_518,7,2024-01-01 04:00:00
synthetic_518,1,2024-01-01 05:00:00
synthetic_518,START,2024-01-01 06:00:00
synthetic_518,2,2024-01-01 07:00:00
synthetic_518,START,2024-01-01 08:00:00
synthetic_518,6,2024-01-01 09:00:00
synthetic_518,6,2024-01-01 10:00:00
synthetic_519,START,2024-01-01 00:00:00
synthetic_519,3,2024-01-01 01:00:00
synthetic_519,2,2024-01-01 02:00:00
synthetic_519,START,2024-01-01 03:00:00
synthetic_519,1,2024-01-01 04:00:00
synthetic_519,3,2024-01-01 05:00:00
synthetic_520,4,2024-01-01 00:00:00
synthetic_520,START,2024-01-01 01:00:00
synthetic_520,START,2024-01-01 02:00:00
synthetic_520,START,2024-01-01 03:00:00
synthetic_520,START,2024-01-01 04:00:00
synthetic_520,7,2024-01-01 05:00:00
synthetic_520,5,2024-01-01 06:00:00
synthetic_520,3,2024-01-01 07:00:00
synthetic_520,START,2024-01-01 08:00:00
synthetic_521,START,2024-01-01 00:00:00
synthetic_521,START,2024-01-01 01:00:00
synthetic_521,START,2024-01-01 02:00:00
synthetic_521,7,2024-01-01 03:00:00
synthetic_521,START,2024-01-01 04:00:00
synthetic_522,START,2024-01-01 00:00:00
synthetic_522,5,2024-01-01 01:00:00
synthetic_522,1,2024-01-01 02:00:00
synthetic_522,START,2024-01-01 03:00:00
synthetic_522,START,2024-01-01 04:00:00
synthetic_522,8,2024-01-01 05:00:00
synthetic_522,1,2024-01-01 06:00:00
synthetic_522,START,2024-01-01 07:00:00
synthetic_523,START,2024-01-01 00:00:00
synthetic_523,START,2024-01-01 01:00:00
synthetic_523,START,2024-01-01 02:00:00
synthetic_523,START,2024-01-01 03:00:00
synthetic_523,2,2024-01-01 04:00:00
synthetic_524,START,2024-01-01 00:00:00
synthetic_524,3,2024-01-01 01:00:00
synthetic_524,6,2024-01-01 02:00:00
synthetic_524,START,2024-01-01 03:00:00
synthetic_524,8,2024-01-01 04:00:00
synthetic_524,2,2024-01-01 05:00:00
synthetic_524,1,2024-01-01 06:00:00
synthetic_525,START,2024-01-01 00:00:00
synthetic_525,3,2024-01-01 01:00:00
synthetic_525,START,2024-01-01 02:00:00
synthetic_525,1,2024-01-01 03:00:00
synthetic_525,1,2024-01-01 04:00:00
synthetic_526,START,2024-01-01 00:00:00
synthetic_526,6,2024-01-01 01:00:00
synthetic_526,START,2024-01-01 02:00:00
synthetic_526,2,2024-01-01 03:00:00
synthetic_526,START,2024-01-01 04:00:00
synthetic_526,8,2024-01-01 05:00:00
synthetic_526,3,2024-01-01 06:00:00
synthetic_526,3,2024-01-01 07:00:00
synthetic_526,3,2024-01-01 08:00:00
synthetic_526,6,2024-01-01 09:00:00
synthetic_527,START,2024-01-01 00:00:00
synthetic_527,1,2024-01-01 01:00:00
synthetic_527,START,2024-01-01 02:00:00
synthetic_527,START,2024-01-01 03:00:00
synthetic_527,START,2024-01-01 04:00:00
synthetic_527,START,2024-01-01 05:00:00
synthetic_527,START,2024-01-01 06:00:00
synthetic_527,START,2024-01-01 07:00:00
synthetic_528,START,2024-01-01 00:00:00
synthetic_528,START,2024-01-01 01:00:00
synthetic_528,START,2024-01-01 02:00:00
synthetic_528,START,2024-01-01 03:00:00
synthetic_528,1,2024-01-01 04:00:00
synthetic_528,1,2024-01-01 05:00:00
synthetic_528,4,2024-01-01 06:00:00
synthetic_528,3,2024-01-01 07:00:00
synthetic_529,8,2024-01-01 00:00:00
synthetic_529,START,2024-01-01 01:00:00
synthetic_529,START,2024-01-01 02:00:00
synthetic_529,1,2024-01-01 03:00:00
synthetic_530,START,2024-01-01 00:00:00
synthetic_530,START,2024-01-01 01:00:00
synthetic_530,START,2024-01-01 02:00:00
synthetic_530,START,2024-01-01 03:00:00
synthetic_530,3,2024-01-01 04:00:00
synthetic_530,3,2024-01-01 05:00:00
synthetic_530,7,2024-01-01 06:00:00
synthetic_531,START,2024-01-01 00:00:00
synthetic_531,START,2024-01-01 01:00:00
synthetic_531,6,2024-01-01 02:00:00
synthetic_531,1,2024-01-01 03:00:00
synthetic_531,START,2024-01-01 04:00:00
synthetic_531,5,2024-01-01 05:00:00
synthetic_531,3,2024-01-01 06:00:00
synthetic_532,START,2024-01-01 00:00:00
synthetic_532,START,2024-01-01 01:00:00
synthetic_532,START,2024-01-01 02:00:00
synthetic_532,4,2024-01-01 03:00:00
synthetic_532,2,2024-01-01 04:00:00
synthetic_532,START,2024-01-01 05:00:00
synthetic_532,3,2024-01-01 06:00:00
synthetic_532,1,2024-01-01 07:00:00
synthetic_532,7,2024-01-01 08:00:00
synthetic_533,START,2024-01-01 00:00:00
synthetic_533,START,2024-01-01 01:00:00
synthetic_533,START,2024-01-01 02:00:00
synthetic_533,7,2024-01-01 03:00:00
synthetic_533,8,2024-01-01 04:00:00
synthetic_533,7,2024-01-01 05:00:00
synthetic_533,2,2024-01-01 06:00:00
synthetic_534,START,2024-01-01 00:00:00
synthetic_534,START,2024-01-01 01:00:00
synthetic_534,START,2024-01-01 02:00:00
synthetic_534,START,2024-01-01 03:00:00
synthetic_535,START,2024-01-01 00:00:00
synthetic_535,START,2024-01-01 01:00:00
synthetic_535,START,2024-01-01 02:00:00
synthetic_535,3,2024-01-01 03:00:00
synthetic_535,START,2024-01-01 04:00:00
synthetic_535,START,2024-01-01 05:00:00
synthetic_535,START,2024-01-01 06:00:00
synthetic_535,START,2024-01-01 07:00:00
synthetic_535,START,2024-01-01 08:00:00
synthetic_535,2,2024-01-01 09:00:00
synthetic_535,START,2024-01-01 10:00:00
synthetic_536,START,2024-01-01 00:00:00
synthetic_536,7,2024-01-01 01:00:00
synthetic_536,1,2024-01-01 02:00:00
synthetic_536,START,2024-01-01 03:00:00
synthetic_536,1,2024-01-01 04:00:00
synthetic_536,1,2024-01-01 05:00:00
synthetic_536,4,2024-01-01 06:00:00
synthetic_537,START,2024-01-01 00:00:00
synthetic_537,5,2024-01-01 01:00:00
synthetic_537,5,2024-01-01 02:00:00
synthetic_537,START,2024-01-01 03:00:00
synthetic_537,START,2024-01-01 04:00:00
synthetic_537,2,2024-01-01 05:00:00
synthetic_537,7,2024-01-01 06:00:00
synthetic_537,9,2024-01-01 07:00:00
synthetic_538,START,2024-01-01 00:00:00
synthetic_538,START,2024-01-01 01:00:00
synthetic_538,START,2024-01-01 02:00:00
synthetic_538,3,2024-01-01 03:00:00
synthetic_538,6,2024-01-01 04:00:00
synthetic_538,START,2024-01-01 05:00:00
synthetic_538,1,2024-01-01 06:00:00
synthetic_538,1,2024-01-01 07:00:00
synthetic_538,2,2024-01-01 08:00:00
synthetic_538,1,2024-01-01 09:00:00
synthetic_539,START,2024-01-01 00:00:00
synthetic_539,START,2024-01-01 01:00:00
synthetic_539,START,2024-01-01 02:00:00
synthetic_539,6,2024-01-01 03:00:00
synthetic_539,2,2024-01-01 04:00:00
synthetic_539,7,2024-01-01 05:00:00
synthetic_539,1,2024-01-01 06:00:00
synthetic_539,5,2024-01-01 07:00:00
synthetic_539,9,2024-01-01 08:00:00
synthetic_540,START,2024-01-01 00:00:00
synthetic_540,START,2024-01-01 01:00:00
synthetic_540,START,2024-01-01 02:00:00
synthetic_540,7,2024-01-01 03:00:00
synthetic_540,1,2024-01-01 04:00:00
synthetic_541,START,2024-01-01 00:00:00
synthetic_541,7,2024-01-01 01:00:00
synthetic_541,6,2024-01-01 02:00:00
synthetic_541,START,2024-01-01 03:00:00
synthetic_541,6,2024-01-01 04:00:00
synthetic_541,START,2024-01-01 05:00:00
synthetic_541,2,2024-01-01 06:00:00
synthetic_541,START,2024-01-01 07:00:00
synthetic_541,1,2024-01-01 08:00:00
synthetic_541,2,2024-01-01 09:00:00
synthetic_542,START,2024-01-01 00:00:00
synthetic_542,START,2024-01-01 01:00:00
synthetic_542,8,2024-01-01 02:00:00
synthetic_542,START,2024-01-01 03:00:00
synthetic_542,START,2024-01-01 04:00:00
synthetic_542,2,2024-01-01 05:00:00
synthetic_542,START,2024-01-01 06:00:00
synthetic_543,1,2024-01-01 00:00:00
synthetic_543,9,2024-01-01 01:00:00
synthetic_543,START,2024-01-01 02:00:00
synthetic_543,START,2024-01-01 03:00:00
synthetic_543,6,2024-01-01 04:00:00
synthetic_543,4,2024-01-01 05:00:00
synthetic_543,5,2024-01-01 06:00:00
synthetic_543,4,2024-01-01 07:00:00
synthetic_544,START,2024-01-01 00:00:00
synthetic_544,START,2024-01-01 01:00:00
synthetic_544,START,2024-01-01 02:00:00
synthetic_544,START,2024-01-01 03:00:00
synthetic_544,START,2024-01-01 04:00:00
synthetic_544,2,2024-01-01 05:00:00
synthetic_544,2,2024-01-01 06:00:00
synthetic_545,START,2024-01-01 00:00:00
synthetic_545,9,2024-01-01 01:00:00
synthetic_545,8,2024-01-01 02:00:00
synthetic_545,START,2024-01-01 03:00:00
synthetic_545,START,2024-01-01 04:00:00
synthetic_546,START,2024-01-01 00:00:00
synthetic_546,START,2024-01-01 01:00:00
synthetic_546,START,2024-01-01 02:00:00
synthetic_546,START,2024-01-01 03:00:00
synthetic_546,5,2024-01-01 04:00:00
synthetic_546,6,2024-01-01 05:00:00
synthetic_546,5,2024-01-01 06:00:00
synthetic_547,START,2024-01-01 00:00:00
synthetic_547,START,2024-01-01 01:00:00
synthetic_547,START,2024-01-01 02:00:00
synthetic_547,5,2024-01-01 03:00:00
synthetic_547,2,2024-01-01 04:00:00
synthetic_547,START,2024-01-01 05:00:00
synthetic_547,2,2024-01-01 06:00:00
synthetic_547,6,2024-01-01 07:00:00
synthetic_548,START,2024-01-01 00:00:00
synthetic_548,START,2024-01-01 01:00:00
synthetic_548,4,2024-01-01 02:00:00
synthetic_548,START,2024-01-01 03:00:00
synthetic_548,8,2024-01-01 04:00:00
synthetic_548,START,2024-01-01 05:00:00
synthetic_548,1,2024-01-01 06:00:00
synthetic_549,START,2024-01-01 00:00:00
synthetic_549,START,2024-01-01 01:00:00
synthetic_549,START,2024-01-01 02:00:00
synthetic_549,1,2024-01-01 03:00:00
synthetic_549,START,2024-01-01 04:00:00
synthetic_549,5,2024-01-01 05:00:00
synthetic_550,START,2024-01-01 00:00:00
synthetic_550,START,2024-01-01 01:00:00
synthetic_550,START,2024-01-01 02:00:00
synthetic_550,3,2024-01-01 03:00:00
synthetic_550,2,2024-01-01 04:00:00
synthetic_550,1,2024-01-01 05:00:00
synthetic_550,5,2024-01-01 06:00:00
synthetic_551,START,2024-01-01 00:00:00
synthetic_551,1,2024-01-01 01:00:00
synthetic_551,5,2024-01-01 02:00:00
synthetic_551,START,2024-01-01 03:00:00
synthetic_551,START,2024-01-01 04:00:00
synthetic_551,8,2024-01-01 05:00:00
synthetic_551,4,2024-01-01 06:00:00
synthetic_552,START,2024-01-01 00:00:00
synthetic_552,6,2024-01-01 01:00:00
synthetic_552,1,2024-01-01 02:00:00
synthetic_552,2,2024-01-01 03:00:00
synthetic_553,START,2024-01-01 00:00:00
synthetic_553,START,2024-01-01 01:00:00
synthetic_553,9,2024-01-01 02:00:00
synthetic_553,1,2024-01-01 03:00:00
synthetic_554,START,2024-01-01 00:00:00
synthetic_554,6,2024-01-01 01:00:00
synthetic_554,4,2024-01-01 02:00:00
synthetic_554,START,2024-01-01 03:00:00
synthetic_554,6,2024-01-01 04:00:00
synthetic_554,START,2024-01-01 05:00:00
synthetic_555,START,2024-01-01 00:00:00
synthetic_555,START,2024-01-01 01:00:00
synthetic_555,START,2024-01-01 02:00:00
synthetic_555,9,2024-01-01 03:00:00
synthetic_555,START,2024-01-01 04:00:00
synthetic_555,START,2024-01-01 05:00:00
synthetic_555,START,2024-01-01 06:00:00
synthetic_556,START,2024-01-01 00:00:00
synthetic_556,1,2024-01-01 01:00:00
synthetic_556,2,2024-01-01 02:00:00
synthetic_556,START,2024-01-01 03:00:00
synthetic_556,1,2024-01-01 04:00:00
synthetic_556,9,2024-01-01 05:00:00
synthetic_557,START,2024-01-01 00:00:00
synthetic_557,START,2024-01-01 01:00:00
synthetic_557,START,2024-01-01 02:00:00
synthetic_557,2,2024-01-01 03:00:00
synthetic_557,9,2024-01-01 04:00:00
synthetic_558,START,2024-01-01 00:00:00
synthetic_558,START,2024-01-01 01:00:00
synthetic_558,START,2024-01-01 02:00:00
synthetic_558,START,2024-01-01 03:00:00
synthetic_558,4,2024-01-01 04:00:00
synthetic_558,7,2024-01-01 05:00:00
synthetic_559,START,2024-01-01 00:00:00
synthetic_559,START,2024-01-01 01:00:00
synthetic_559,2,2024-01-01 02:00:00
synthetic_559,9,2024-01-01 03:00:00
synthetic_559,3,2024-01-01 04:00:00
synthetic_559,START,2024-01-01 05:00:00
synthetic_560,START,2024-01-01 00:00:00
synthetic_560,START,2024-01-01 01:00:00
synthetic_560,START,2024-01-01 02:00:00
synthetic_560,2,2024-01-01 03:00:00
synthetic_560,7,2024-01-01 04:00:00
synthetic_560,3,2024-01-01 05:00:00
synthetic_561,START,2024-01-01 00:00:00
synthetic_561,START,2024-01-01 01:00:00
synthetic_561,START,2024-01-01 02:00:00
synthetic_561,START,2024-01-01 03:00:00
synthetic_561,1,2024-01-01 04:00:00
synthetic_562,START,2024-01-01 00:00:00
synthetic_562,START,2024-01-01 01:00:00
synthetic_562,5,2024-01-01 02:00:00
synthetic_562,5,2024-01-01 03:00:00
synthetic_562,4,2024-01-01 04:00:00
synthetic_562,2,2024-01-01 05:00:00
synthetic_563,START,2024-01-01 00:00:00
synthetic_563,START,2024-01-01 01:00:00
synthetic_563,START,2024-01-01 02:00:00
synthetic_563,5,2024-01-01 03:00:00
synthetic_563,2,2024-01-01 04:00:00
synthetic_564,START,2024-01-01 00:00:00
synthetic_564,8,2024-01-01 01:00:00
synthetic_564,START,2024-01-01 02:00:00
synthetic_564,START,2024-01-01 03:00:00
synthetic_564,START,2024-01-01 04:00:00
synthetic_564,8,2024-01-01 05:00:00
synthetic_565,START,2024-01-01 00:00:00
synthetic_565,START,2024-01-01 01:00:00
synthetic_565,START,2024-01-01 02:00:00
synthetic_565,2,2024-01-01 03:00:00
synthetic_565,4,2024-01-01 04:00:00
synthetic_565,2,2024-01-01 05:00:00
synthetic_565,8,2024-01-01 06:00:00
synthetic_565,7,2024-01-01 07:00:00
synthetic_566,START,2024-01-01 00:00:00
synthetic_566,START,2024-01-01 01:00:00
synthetic_566,START,2024-01-01 02:00:00
synthetic_566,START,2024-01-01 03:00:00
synthetic_566,START,2024-01-01 04:00:00
synthetic_566,START,2024-01-01 05:00:00
synthetic_566,5,2024-01-01 06:00:00
synthetic_566,START,2024-01-01 07:00:00
synthetic_566,1,2024-01-01 08:00:00
synthetic_567,START,2024-01-01 00:00:00
synthetic_567,START,2024-01-01 01:00:00
synthetic_567,START,2024-01-01 02:00:00
synthetic_567,START,2024-01-01 03:00:00
synthetic_567,1,2024-01-01 04:00:00
synthetic_567,2,2024-01-01 05:00:00
synthetic_567,START,2024-01-01 06:00:00
synthetic_568,START,2024-01-01 00:00:00
synthetic_568,START,2024-01-01 01:00:00
synthetic_568,6,2024-01-01 02:00:00
synthetic_568,START,2024-01-01 03:00:00
synthetic_568,1,2024-01-01 04:00:00
synthetic_568,START,2024-01-01 05:00:00
synthetic_568,6,2024-01-01 06:00:00
synthetic_569,1,2024-01-01 00:00:00
synthetic_569,6,2024-01-01 01:00:00
synthetic_569,6,2024-01-01 02:00:00
synthetic_569,START,2024-01-01 03:00:00
synthetic_569,START,2024-01-01 04:00:00
synthetic_569,2,2024-01-01 05:00:00
synthetic_569,7,2024-01-01 06:00:00
synthetic_570,START,2024-01-01 00:00:00
synthetic_570,START,2024-01-01 01:00:00
synthetic_570,START,2024-01-01 02:00:00
synthetic_570,1,2024-01-01 03:00:00
synthetic_570,1,2024-01-01 04:00:00
synthetic_570,5,2024-01-01 05:00:00
synthetic_571,START,2024-01-01 00:00:00
synthetic_571,7,2024-01-01 01:00:00
synthetic_571,5,2024-01-01 02:00:00
synthetic_571,START,2024-01-01 03:00:00
synthetic_571,1,2024-01-01 04:00:00
synthetic_571,2,2024-01-01 05:00:00
synthetic_572,START,2024-01-01 00:00:00
synthetic_572,START,2024-01-01 01:00:00
synthetic_572,3,2024-01-01 02:00:00
synthetic_572,START,2024-01-01 03:00:00
synthetic_572,START,2024-01-01 04:00:00
synthetic_572,6,2024-01-01 05:00:00
synthetic_572,1,2024-01-01 06:00:00
synthetic_573,START,2024-01-01 00:00:00
synthetic_573,START,2024-01-01 01:00:00
synthetic_573,2,2024-01-01 02:00:00
synthetic_573,6,2024-01-01 03:00:00
synthetic_573,1,2024-01-01 04:00:00
synthetic_573,2,2024-01-01 05:00:00
synthetic_574,6,2024-01-01 00:00:00
synthetic_574,2,2024-01-01 01:00:00
synthetic_574,7,2024-01-01 02:00:00
synthetic_574,9,2024-01-01 03:00:00
synthetic_574,3,2024-01-01 04:00:00
synthetic_574,START,2024-01-01 05:00:00
synthetic_575,START,2024-01-01 00:00:00
synthetic_575,START,2024-01-01 01:00:00
synthetic_575,START,2024-01-01 02:00:00
synthetic_575,6,2024-01-01 03:00:00
synthetic_575,START,2024-01-01 04:00:00
synthetic_576,START,2024-01-01 00:00:00
synthetic_576,START,2024-01-01 01:00:00
synthetic_576,2,2024-01-01 02:00:00
synthetic_576,START,2024-01-01 03:00:00
synthetic_576,6,2024-01-01 04:00:00
synthetic_577,START,2024-01-01 00:00:00
synthetic_577,START,2024-01-01 01:00:00
synthetic_577,START,2024-01-01 02:00:00
synthetic_577,START,2024-01-01 03:00:00
synthetic_577,5,2024-01-01 04:00:00
synthetic_577,5,2024-01-01 05:00:00
synthetic_577,6,2024-01-01 06:00:00
synthetic_578,START,2024-01-01 00:00:00
synthetic_578,9,2024-01-01 01:00:00
synthetic_578,START,2024-01-01 02:00:00
synthetic_578,2,2024-01-01 03:00:00
synthetic_578,5,2024-01-01 04:00:00
synthetic_578,8,2024-01-01 05:00:00
synthetic_578,6,2024-01-01 06:00:00
synthetic_579,START,2024-01-01 00:00:00
synthetic_579,1,2024-01-01 01:00:00
synthetic_579,START,2024-01-01 02:00:00
synthetic_579,1,2024-01-01 03:00:00
synthetic_579,START,2024-01-01 04:00:00
synthetic_579,2,2024-01-01 05:00:00
synthetic_579,1,2024-01-01 06:00:00
synthetic_579,6,2024-01-01 07:00:00
synthetic_579,5,2024-01-01 08:00:00
synthetic_579,1,2024-01-01 09:00:00
synthetic_580,START,2024-01-01 00:00:00
synthetic_580,START,2024-01-01 01:00:00
synthetic_580,START,2024-01-01 02:00:00
synthetic_580,START,2024-01-01 03:00:00
synthetic_580,6,2024-01-01 04:00:00
synthetic_581,START,2024-01-01 00:00:00
synthetic_581,START,2024-01-01 01:00:00
synthetic_581,START,2024-01-01 02:00:00
synthetic_581,START,2024-01-01 03:00:00
synthetic_581,3,2024-01-01 04:00:00
synthetic_581,4,2024-01-01 05:00:00
synthetic_581,5,2024-01-01 06:00:00
synthetic_581,1,2024-01-01 07:00:00
synthetic_581,9,2024-01-01 08:00:00
synthetic_582,START,2024-01-01 00:00:00
synthetic_582,START,2024-01-01 01:00:00
synthetic_582,START,2024-01-01 02:00:00
synthetic_582,START,2024-01-01 03:00:00
synthetic_582,9,2024-01-01 04:00:00
synthetic_582,START,2024-01-01 05:00:00
synthetic_583,1,2024-01-01 00:00:00
synthetic_583,5,2024-01-01 01:00:00
synthetic_584,START,2024-01-01 00:00:00
synthetic_584,START,2024-01-01 01:00:00
synthetic_584,START,2024-01-01 02:00:00
synthetic_584,1,2024-01-01 03:00:00
synthetic_584,1,2024-01-01 04:00:00
synthetic_584,1,2024-01-01 05:00:00
synthetic_585,START,2024-01-01 00:00:00
synthetic_585,START,2024-01-01 01:00:00
synthetic_585,5,2024-01-01 02:00:00
synthetic_585,START,2024-01-01 03:00:00
synthetic_585,9,2024-01-01 04:00:00
synthetic_586,6,2024-01-01 00:00:00
synthetic_586,1,2024-01-01 01:00:00
synthetic_586,START,2024-01-01 02:00:00
synthetic_586,START,2024-01-01 03:00:00
synthetic_586,1,2024-01-01 04:00:00
synthetic_586,2,2024-01-01 05:00:00
synthetic_586,9,2024-01-01 06:00:00
synthetic_587,START,2024-01-01 00:00:00
synthetic_587,START,2024-01-01 01:00:00
synthetic_587,START,2024-01-01 02:00:00
synthetic_587,START,2024-01-01 03:00:00
synthetic_588,START,2024-01-01 00:00:00
synthetic_588,START,2024-01-01 01:00:00
synthetic_588,7,2024-01-01 02:00:00
synthetic_588,START,2024-01-01 03:00:00
synthetic_588,1,2024-01-01 04:00:00
synthetic_588,6,2024-01-01 05:00:00
synthetic_588,5,2024-01-01 06:00:00
synthetic_588,1,2024-01-01 07:00:00
synthetic_589,START,2024-01-01 00:00:00
synthetic_589,9,2024-01-01 01:00:00
synthetic_589,3,2024-01-01 02:00:00
synthetic_589,START,2024-01-01 03:00:00
synthetic_589,1,2024-01-01 04:00:00
synthetic_589,5,2024-01-01 05:00:00
synthetic_589,7,2024-01-01 06:00:00
synthetic_589,5,2024-01-01 07:00:00
synthetic_590,START,2024-01-01 00:00:00
synthetic_590,START,2024-01-01 01:00:00
synthetic_590,START,2024-01-01 02:00:00
synthetic_590,START,2024-01-01 03:00:00
synthetic_590,START,2024-01-01 04:00:00
synthetic_591,START,2024-01-01 00:00:00
synthetic_591,START,2024-01-01 01:00:00
synthetic_591,START,2024-01-01 02:00:00
synthetic_591,7,2024-01-01 03:00:00
synthetic_592,START,2024-01-01 00:00:00
synthetic_592,5,2024-01-01 01:00:00
synthetic_592,START,2024-01-01 02:00:00
synthetic_592,START,2024-01-01 03:00:00
synthetic_592,START,2024-01-01 04:00:00
synthetic_592,2,2024-01-01 05:00:00
synthetic_592,5,2024-01-01 06:00:00
synthetic_592,3,2024-01-01 07:00:00
synthetic_593,START,2024-01-01 00:00:00
synthetic_593,START,2024-01-01 01:00:00
synthetic_593,START,2024-01-01 02:00:00
synthetic_593,START,2024-01-01 03:00:00
synthetic_593,START,2024-01-01 04:00:00
synthetic_593,START,2024-01-01 05:00:00
synthetic_593,6,2024-01-01 06:00:00
synthetic_593,2,2024-01-01 07:00:00
synthetic_594,START,2024-01-01 00:00:00
synthetic_594,START,2024-01-01 01:00:00
synthetic_594,2,2024-01-01 02:00:00
synthetic_594,START,2024-01-01 03:00:00
synthetic_594,3,2024-01-01 04:00:00
synthetic_594,1,2024-01-01 05:00:00
synthetic_595,1,2024-01-01 00:00:00
synthetic_595,START,2024-01-01 01:00:00
synthetic_595,START,2024-01-01 02:00:00
synthetic_595,5,2024-01-01 03:00:00
synthetic_595,2,2024-01-01 04:00:00
synthetic_595,3,2024-01-01 05:00:00
synthetic_595,6,2024-01-01 06:00:00
synthetic_595,5,2024-01-01 07:00:00
synthetic_595,5,2024-01-01 08:00:00
synthetic_596,9,2024-01-01 00:00:00
synthetic_596,START,2024-01-01 01:00:00
synthetic_596,START,2024-01-01 02:00:00
synthetic_596,7,2024-01-01 03:00:00
synthetic_596,2,2024-01-01 04:00:00
synthetic_596,2,2024-01-01 05:00:00
synthetic_597,8,2024-01-01 00:00:00
synthetic_597,START,2024-01-01 01:00:00
synthetic_597,START,2024-01-01 02:00:00
synthetic_597,START,2024-01-01 03:00:00
synthetic_597,3,2024-01-01 04:00:00
synthetic_597,7,2024-01-01 05:00:00
synthetic_597,1,2024-01-01 06:00:00
synthetic_598,4,2024-01-01 00:00:00
synthetic_598,START,2024-01-01 01:00:00
synthetic_598,START,2024-01-01 02:00:00
synthetic_598,START,2024-01-01 03:00:00
synthetic_598,2,2024-01-01 04:00:00
synthetic_598,1,2024-01-01 05:00:00
synthetic_598,START,2024-01-01 06:00:00
synthetic_598,9,2024-01-01 07:00:00
synthetic_599,START,2024-01-01 00:00:00
synthetic_599,2,2024-01-01 01:00:00
synthetic_599,START,2024-01-01 02:00:00
synthetic_599,6,2024-01-01 03:00:00
synthetic_599,START,2024-01-01 04:00:00
synthetic_600,START,2024-01-01 00:00:00
synthetic_600,START,2024-01-01 01:00:00
synthetic_600,START,2024-01-01 02:00:00
synthetic_600,6,2024-01-01 03:00:00
synthetic_600,6,2024-01-01 04:00:00
synthetic_600,5,2024-01-01 05:00:00
synthetic_600,1,2024-01-01 06:00:00
synthetic_601,START,2024-01-01 00:00:00
synthetic_601,8,2024-01-01 01:00:00
synthetic_601,START,2024-01-01 02:00:00
synthetic_601,START,2024-01-01 03:00:00
synthetic_601,2,2024-01-01 04:00:00
synthetic_601,3,2024-01-01 05:00:00
synthetic_602,8,2024-01-01 00:00:00
synthetic_602,START,2024-01-01 01:00:00
synthetic_602,START,2024-01-01 02:00:00
synthetic_602,3,2024-01-01 03:00:00
synthetic_602,START,2024-01-01 04:00:00
synthetic_602,START,2024-01-01 05:00:00
synthetic_602,3,2024-01-01 06:00:00
synthetic_603,START,2024-01-01 00:00:00
synthetic_603,1,2024-01-01 01:00:00
synthetic_603,START,2024-01-01 02:00:00
synthetic_603,START,2024-01-01 03:00:00
synthetic_603,1,2024-01-01 04:00:00
synthetic_603,5,2024-01-01 05:00:00
synthetic_603,9,2024-01-01 06:00:00
synthetic_603,START,2024-01-01 07:00:00
synthetic_603,1,2024-01-01 08:00:00
synthetic_604,1,2024-01-01 00:00:00
synthetic_604,START,2024-01-01 01:00:00
synthetic_604,START,2024-01-01 02:00:00
synthetic_604,START,2024-01-01 03:00:00
synthetic_604,START,2024-01-01 04:00:00
synthetic_604,5,2024-01-01 05:00:00
synthetic_604,1,2024-01-01 06:00:00
synthetic_604,START,2024-01-01 07:00:00
synthetic_604,START,2024-01-01 08:00:00
synthetic_605,START,2024-01-01 00:00:00
synthetic_605,START,2024-01-01 01:00:00
synthetic_605,START,2024-01-01 02:00:00
synthetic_605,6,2024-01-01 03:00:00
synthetic_605,START,2024-01-01 04:00:00
synthetic_605,START,2024-01-01 05:00:00
synthetic_605,8,2024-01-01 06:00:00
synthetic_606,START,2024-01-01 00:00:00
synthetic_606,START,2024-01-01 01:00:00
synthetic_606,1,2024-01-01 02:00:00
synthetic_606,5,2024-01-01 03:00:00
synthetic_606,5,2024-01-01 04:00:00
synthetic_606,2,2024-01-01 05:00:00
synthetic_606,1,2024-01-01 06:00:00
synthetic_607,START,2024-01-01 00:00:00
synthetic_607,START,2024-01-01 01:00:00
synthetic_607,START,2024-01-01 02:00:00
synthetic_607,7,2024-01-01 03:00:00
synthetic_607,1,2024-01-01 04:00:00
synthetic_607,1,2024-01-01 05:00:00
synthetic_608,START,2024-01-01 00:00:00
synthetic_608,START,2024-01-01 01:00:00
synthetic_608,2,2024-01-01 02:00:00
synthetic_608,START,2024-01-01 03:00:00
synthetic_608,START,2024-01-01 04:00:00
synthetic_608,8,2024-01-01 05:00:00
synthetic_608,START,2024-01-01 06:00:00
synthetic_608,7,2024-01-01 07:00:00
synthetic_608,7,2024-01-01 08:00:00
synthetic_608,7,2024-01-01 09:00:00
synthetic_609,START,2024-01-01 00:00:00
synthetic_609,START,2024-01-01 01:00:00
synthetic_609,START,2024-01-01 02:00:00
synthetic_609,START,2024-01-01 03:00:00
synthetic_609,START,2024-01-01 04:00:00
synthetic_609,6,2024-01-01 05:00:00
synthetic_609,6,2024-01-01 06:00:00
synthetic_610,START,2024-01-01 00:00:00
synthetic_610,START,2024-01-01 01:00:00
synthetic_610,START,2024-01-01 02:00:00
synthetic_610,START,2024-01-01 03:00:00
synthetic_610,6,2024-01-01 04:00:00
synthetic_610,2,2024-01-01 05:00:00
synthetic_610,2,2024-01-01 06:00:00
synthetic_610,3,2024-01-01 07:00:00
synthetic_610,3,2024-01-01 08:00:00
synthetic_610,7,2024-01-01 09:00:00
synthetic_611,START,2024-01-01 00:00:00
synthetic_611,START,2024-01-01 01:00:00
synthetic_611,START,2024-01-01 02:00:00
synthetic_611,1,2024-01-01 03:00:00
synthetic_611,START,2024-01-01 04:00:00
synthetic_611,1,2024-01-01 05:00:00
synthetic_611,START,2024-01-01 06:00:00
synthetic_612,START,2024-01-01 00:00:00
synthetic_612,START,2024-01-01 01:00:00
synthetic_612,START,2024-01-01 02:00:00
synthetic_612,5,2024-01-01 03:00:00
synthetic_612,9,2024-01-01 04:00:00
synthetic_612,START,2024-01-01 05:00:00
synthetic_612,1,2024-01-01 06:00:00
synthetic_613,START,2024-01-01 00:00:00
synthetic_613,START,2024-01-01 01:00:00
synthetic_613,START,2024-01-01 02:00:00
synthetic_613,2,2024-01-01 03:00:00
synthetic_613,4,2024-01-01 04:00:00
synthetic_613,7,2024-01-01 05:00:00
synthetic_613,START,2024-01-01 06:00:00
synthetic_614,START,2024-01-01 00:00:00
synthetic_614,START,2024-01-01 01:00:00
synthetic_614,START,2024-01-01 02:00:00
synthetic_614,START,2024-01-01 03:00:00
synthetic_614,3,2024-01-01 04:00:00
synthetic_614,START,2024-01-01 05:00:00
synthetic_615,START,2024-01-01 00:00:00
synthetic_615,START,2024-01-01 01:00:00
synthetic_615,START,2024-01-01 02:00:00
synthetic_615,START,2024-01-01 03:00:00
synthetic_615,START,2024-01-01 04:00:00
synthetic_615,START,2024-01-01 05:00:00
synthetic_615,9,2024-01-01 06:00:00
synthetic_615,9,2024-01-01 07:00:00
synthetic_616,START,2024-01-01 00:00:00
synthetic_616,START,2024-01-01 01:00:00
synthetic_616,1,2024-01-01 02:00:00
synthetic_616,9,2024-01-01 03:00:00
synthetic_616,START,2024-01-01 04:00:00
synthetic_616,3,2024-01-01 05:00:00
synthetic_616,2,2024-01-01 06:00:00
synthetic_617,1,2024-01-01 00:00:00
synthetic_617,START,2024-01-01 01:00:00
synthetic_617,START,2024-01-01 02:00:00
synthetic_617,2,2024-01-01 03:00:00
synthetic_617,6,2024-01-01 04:00:00
synthetic_617,1,2024-01-01 05:00:00
synthetic_617,3,2024-01-01 06:00:00
synthetic_617,1,2024-01-01 07:00:00
synthetic_618,START,2024-01-01 00:00:00
synthetic_618,5,2024-01-01 01:00:00
synthetic_618,START,2024-01-01 02:00:00
synthetic_618,START,2024-01-01 03:00:00
synthetic_618,2,2024-01-01 04:00:00
synthetic_618,6,2024-01-01 05:00:00
synthetic_618,5,2024-01-01 06:00:00
synthetic_618,1,2024-01-01 07:00:00
synthetic_618,1,2024-01-01 08:00:00
synthetic_619,START,2024-01-01 00:00:00
synthetic_619,START,2024-01-01 01:00:00
synthetic_619,1,2024-01-01 02:00:00
synthetic_619,3,2024-01-01 03:00:00
synthetic_619,START,2024-01-01 04:00:00
synthetic_619,6,2024-01-01 05:00:00
synthetic_619,START,2024-01-01 06:00:00
synthetic_619,START,2024-01-01 07:00:00
synthetic_619,9,2024-01-01 08:00:00
synthetic_619,6,2024-01-01 09:00:00
synthetic_620,START,2024-01-01 00:00:00
synthetic_620,START,2024-01-01 01:00:00
synthetic_620,START,2024-01-01 02:00:00
synthetic_620,START,2024-01-01 03:00:00
synthetic_620,5,2024-01-01 04:00:00
synthetic_620,START,2024-01-01 05:00:00
synthetic_620,START,2024-01-01 06:00:00
synthetic_620,6,2024-01-01 07:00:00
synthetic_620,START,2024-01-01 08:00:00
synthetic_620,1,2024-01-01 09:00:00
synthetic_620,3,2024-01-01 10:00:00
synthetic_621,START,2024-01-01 00:00:00
synthetic_621,START,2024-01-01 01:00:00
synthetic_621,START,2024-01-01 02:00:00
synthetic_622,START,2024-01-01 00:00:00
synthetic_622,START,2024-01-01 01:00:00
synthetic_622,1,2024-01-01 02:00:00
synthetic_622,START,2024-01-01 03:00:00
synthetic_622,5,2024-01-01 04:00:00
synthetic_622,1,2024-01-01 05:00:00
synthetic_622,1,2024-01-01 06:00:00
synthetic_622,7,2024-01-01 07:00:00
synthetic_622,5,2024-01-01 08:00:00
synthetic_623,1,2024-01-01 00:00:00
synthetic_623,START,2024-01-01 01:00:00
synthetic_623,START,2024-01-01 02:00:00
synthetic_623,START,2024-01-01 03:00:00
synthetic_623,1,2024-01-01 04:00:00
synthetic_623,1,2024-01-01 05:00:00
synthetic_623,1,2024-01-01 06:00:00
synthetic_623,5,2024-01-01 07:00:00
synthetic_624,START,2024-01-01 00:00:00
synthetic_624,START,2024-01-01 01:00:00
synthetic_624,3,2024-01-01 02:00:00
synthetic_624,5,2024-01-01 03:00:00
synthetic_624,6,2024-01-01 04:00:00
synthetic_624,START,2024-01-01 05:00:00
synthetic_624,6,2024-01-01 06:00:00
synthetic_625,6,2024-01-01 00:00:00
synthetic_625,START,2024-01-01 01:00:00
synthetic_625,4,2024-01-01 02:00:00
synthetic_625,3,2024-01-01 03:00:00
synthetic_625,START,2024-01-01 04:00:00
synthetic_625,1,2024-01-01 05:00:00
synthetic_625,3,2024-01-01 06:00:00
synthetic_626,START,2024-01-01 00:00:00
synthetic_626,START,2024-01-01 01:00:00
synthetic_626,START,2024-01-01 02:00:00
synthetic_626,START,2024-01-01 03:00:00
synthetic_626,1,2024-01-01 04:00:00
synthetic_626,6,2024-01-01 05:00:00
synthetic_626,3,2024-01-01 06:00:00
synthetic_627,START,2024-01-01 00:00:00
synthetic_627,START,2024-01-01 01:00:00
synthetic_627,START,2024-01-01 02:00:00
synthetic_627,5,2024-01-01 03:00:00
synthetic_627,4,2024-01-01 04:00:00
synthetic_627,2,2024-01-01 05:00:00
synthetic_627,3,2024-01-01 06:00:00
synthetic_628,START,2024-01-01 00:00:00
synthetic_628,START,2024-01-01 01:00:00
synthetic_628,START,2024-01-01 02:00:00
synthetic_628,START,2024-01-01 03:00:00
synthetic_628,9,2024-01-01 04:00:00
synthetic_628,1,2024-01-01 05:00:00
synthetic_628,4,2024-01-01 06:00:00
synthetic_628,6,2024-01-01 07:00:00
synthetic_628,START,2024-01-01 08:00:00
synthetic_629,START,2024-01-01 00:00:00
synthetic_629,1,2024-01-01 01:00:00
synthetic_629,START,2024-01-01 02:00:00
synthetic_629,START,2024-01-01 03:00:00
synthetic_629,START,2024-01-01 04:00:00
synthetic_629,START,2024-01-01 05:00:00
synthetic_629,START,2024-01-01 06:00:00
synthetic_630,START,2024-01-01 00:00:00
synthetic_630,START,2024-01-01 01:00:00
synthetic_630,6,2024-01-01 02:00:00
synthetic_630,6,2024-01-01 03:00:00
synthetic_630,5,2024-01-01 04:00:00
synthetic_631,START,2024-01-01 00:00:00
synthetic_631,START,2024-01-01 01:00:00
synthetic_631,1,2024-01-01 02:00:00
synthetic_631,7,2024-01-01 03:00:00
synthetic_631,START,2024-01-01 04:00:00
synthetic_632,START,2024-01-01 00:00:00
synthetic_632,5,2024-01-01 01:00:00
synthetic_632,3,2024-01-01 02:00:00
synthetic_632,START,2024-01-01 03:00:00
synthetic_632,9,2024-01-01 04:00:00
synthetic_632,3,2024-01-01 05:00:00
synthetic_632,2,2024-01-01 06:00:00
synthetic_633,START,2024-01-01 00:00:00
synthetic_633,START,2024-01-01 01:00:00
synthetic_633,START,2024-01-01 02:00:00
synthetic_633,8,2024-01-01 03:00:00
synthetic_633,START,2024-01-01 04:00:00
synthetic_633,START,2024-01-01 05:00:00
synthetic_633,4,2024-01-01 06:00:00
synthetic_633,5,2024-01-01 07:00:00
synthetic_633,1,2024-01-01 08:00:00
synthetic_634,START,2024-01-01 00:00:00
synthetic_634,START,2024-01-01 01:00:00
synthetic_634,START,2024-01-01 02:00:00
synthetic_634,1,2024-01-01 03:00:00
synthetic_634,START,2024-01-01 04:00:00
synthetic_634,5,2024-01-01 05:00:00
synthetic_634,6,2024-01-01 06:00:00
synthetic_634,3,2024-01-01 07:00:00
synthetic_635,START,2024-01-01 00:00:00
synthetic_635,6,2024-01-01 01:00:00
synthetic_635,START,2024-01-01 02:00:00
synthetic_635,START,2024-01-01 03:00:00
synthetic_635,8,2024-01-01 04:00:00
synthetic_635,START,2024-01-01 05:00:00
synthetic_635,START,2024-01-01 06:00:00
synthetic_635,9,2024-01-01 07:00:00
synthetic_635,9,2024-01-01 08:00:00
synthetic_636,START,2024-01-01 00:00:00
synthetic_636,6,2024-01-01 01:00:00
synthetic_636,2,2024-01-01 02:00:00
synthetic_636,START,2024-01-01 03:00:00
synthetic_636,4,2024-01-01 04:00:00
synthetic_636,START,2024-01-01 05:00:00
synthetic_637,START,2024-01-01 00:00:00
synthetic_637,START,2024-01-01 01:00:00
synthetic_637,START,2024-01-01 02:00:00
synthetic_637,START,2024-01-01 03:00:00
synthetic_637,6,2024-01-01 04:00:00
synthetic_637,2,2024-01-01 05:00:00
synthetic_637,START,2024-01-01 06:00:00
synthetic_637,START,2024-01-01 07:00:00
synthetic_637,1,2024-01-01 08:00:00
synthetic_638,START,2024-01-01 00:00:00
synthetic_638,START,2024-01-01 01:00:00
synthetic_638,START,2024-01-01 02:00:00
synthetic_638,START,2024-01-01 03:00:00
synthetic_638,7,2024-01-01 04:00:00
synthetic_638,1,2024-01-01 05:00:00
synthetic_638,1,2024-01-01 06:00:00
synthetic_639,START,2024-01-01 00:00:00
synthetic_639,START,2024-01-01 01:00:00
synthetic_639,1,2024-01-01 02:00:00
synthetic_639,START,2024-01-01 03:00:00
synthetic_639,9,2024-01-01 04:00:00
synthetic_640,START,2024-01-01 00:00:00
synthetic_640,START,2024-01-01 01:00:00
synthetic_640,5,2024-01-01 02:00:00
synthetic_640,2,2024-01-01 03:00:00
synthetic_640,START,2024-01-01 04:00:00
synthetic_640,START,2024-01-01 05:00:00
synthetic_641,START,2024-01-01 00:00:00
synthetic_641,7,2024-01-01 01:00:00
synthetic_641,START,2024-01-01 02:00:00
synthetic_641,START,2024-01-01 03:00:00
synthetic_641,START,2024-01-01 04:00:00
synthetic_641,START,2024-01-01 05:00:00
synthetic_641,START,2024-01-01 06:00:00
synthetic_641,START,2024-01-01 07:00:00
synthetic_642,START,2024-01-01 00:00:00
synthetic_642,START,2024-01-01 01:00:00
synthetic_642,START,2024-01-01 02:00:00
synthetic_642,START,2024-01-01 03:00:00
synthetic_642,2,2024-01-01 04:00:00
synthetic_642,9,2024-01-01 05:00:00
synthetic_642,START,2024-01-01 06:00:00
synthetic_643,9,2024-01-01 00:00:00
synthetic_643,START,2024-01-01 01:00:00
synthetic_643,START,2024-01-01 02:00:00
synthetic_643,START,2024-01-01 03:00:00
synthetic_643,START,2024-01-01 04:00:00
synthetic_643,START,2024-01-01 05:00:00
synthetic_643,6,2024-01-01 06:00:00
synthetic_643,5,2024-01-01 07:00:00
synthetic_644,START,2024-01-01 00:00:00
synthetic_644,START,2024-01-01 01:00:00
synthetic_644,START,2024-01-01 02:00:00
synthetic_644,START,2024-01-01 03:00:00
synthetic_644,1,2024-01-01 04:00:00
synthetic_644,1,2024-01-01 05:00:00
synthetic_645,START,2024-01-01 00:00:00
synthetic_645,START,2024-01-01 01:00:00
synthetic_645,START,2024-01-01 02:00:00
synthetic_645,START,2024-01-01 03:00:00
synthetic_645,START,2024-01-01 04:00:00
synthetic_645,8,2024-01-01 05:00:00
synthetic_645,1,2024-01-01 06:00:00
synthetic_646,START,2024-01-01 00:00:00
synthetic_646,START,2024-01-01 01:00:00
synthetic_646,START,2024-01-01 02:00:00
synthetic_646,6,2024-01-01 03:00:00
synthetic_646,START,2024-01-01 04:00:00
synthetic_646,9,2024-01-01 05:00:00
synthetic_646,8,2024-01-01 06:00:00
synthetic_646,1,2024-01-01 07:00:00
synthetic_647,START,2024-01-01 00:00:00
synthetic_647,9,2024-01-01 01:00:00
synthetic_647,START,2024-01-01 02:00:00
synthetic_647,6,2024-01-01 03:00:00
synthetic_647,1,2024-01-01 04:00:00
synthetic_648,START,2024-01-01 00:00:00
synthetic_648,START,2024-01-01 01:00:00
synthetic_648,START,2024-01-01 02:00:00
synthetic_648,START,2024-01-01 03:00:00
synthetic_648,5,2024-01-01 04:00:00
synthetic_648,7,2024-01-01 05:00:00
synthetic_649,START,2024-01-01 00:00:00
synthetic_649,START,2024-01-01 01:00:00
synthetic_649,START,2024-01-01 02:00:00
synthetic_649,4,2024-01-01 03:00:00
synthetic_649,7,2024-01-01 04:00:00
synthetic_649,5,2024-01-01 05:00:00
synthetic_650,START,2024-01-01 00:00:00
synthetic_650,START,2024-01-01 01:00:00
synthetic_650,5,2024-01-01 02:00:00
synthetic_650,START,2024-01-01 03:00:00
synthetic_650,1,2024-01-01 04:00:00
synthetic_651,START,2024-01-01 00:00:00
synthetic_651,START,2024-01-01 01:00:00
synthetic_651,3,2024-01-01 02:00:00
synthetic_651,START,2024-01-01 03:00:00
synthetic_651,1,2024-01-01 04:00:00
synthetic_651,3,2024-01-01 05:00:00
synthetic_651,7,2024-01-01 06:00:00
synthetic_651,5,2024-01-01 07:00:00
synthetic_651,4,2024-01-01 08:00:00
synthetic_652,START,2024-01-01 00:00:00
synthetic_652,2,2024-01-01 01:00:00
synthetic_652,8,2024-01-01 02:00:00
synthetic_652,1,2024-01-01 03:00:00
synthetic_652,START,2024-01-01 04:00:00
synthetic_652,START,2024-01-01 05:00:00
synthetic_652,1,2024-01-01 06:00:00
synthetic_652,START,2024-01-01 07:00:00
synthetic_653,START,2024-01-01 00:00:00
synthetic_653,START,2024-01-01 01:00:00
synthetic_653,START,2024-01-01 02:00:00
synthetic_653,START,2024-01-01 03:00:00
synthetic_653,5,2024-01-01 04:00:00
synthetic_653,2,2024-01-01 05:00:00
synthetic_653,8,2024-01-01 06:00:00
synthetic_653,1,2024-01-01 07:00:00
synthetic_653,4,2024-01-01 08:00:00
synthetic_654,START,2024-01-01 00:00:00
synthetic_654,6,2024-01-01 01:00:00
synthetic_654,START,2024-01-01 02:00:00
synthetic_654,1,2024-01-01 03:00:00
synthetic_654,3,2024-01-01 04:00:00
synthetic_654,START,2024-01-01 05:00:00
synthetic_654,1,2024-01-01 06:00:00
synthetic_654,7,2024-01-01 07:00:00
synthetic_654,9,2024-01-01 08:00:00
synthetic_655,START,2024-01-01 00:00:00
synthetic_655,START,2024-01-01 01:00:00
synthetic_655,4,2024-01-01 02:00:00
synthetic_655,1,2024-01-01 03:00:00
synthetic_655,START,2024-01-01 04:00:00
synthetic_655,START,2024-01-01 05:00:00
synthetic_656,START,2024-01-01 00:00:00
synthetic_656,START,2024-01-01 01:00:00
synthetic_656,6,2024-01-01 02:00:00
synthetic_656,1,2024-01-01 03:00:00
synthetic_656,START,2024-01-01 04:00:00
synthetic_656,1,2024-01-01 05:00:00
synthetic_656,8,2024-01-01 06:00:00
synthetic_657,START,2024-01-01 00:00:00
synthetic_657,START,2024-01-01 01:00:00
synthetic_657,START,2024-01-01 02:00:00
synthetic_657,2,2024-01-01 03:00:00
synthetic_657,START,2024-01-01 04:00:00
synthetic_657,6,2024-01-01 05:00:00
synthetic_658,6,2024-01-01 00:00:00
synthetic_658,START,2024-01-01 01:00:00
synthetic_658,START,2024-01-01 02:00:00
synthetic_658,START,2024-01-01 03:00:00
synthetic_658,2,2024-01-01 04:00:00
synthetic_658,START,2024-01-01 05:00:00
synthetic_658,4,2024-01-01 06:00:00
synthetic_658,7,2024-01-01 07:00:00
synthetic_659,START,2024-01-01 00:00:00
synthetic_659,START,2024-01-01 01:00:00
synthetic_659,START,2024-01-01 02:00:00
synthetic_659,6,2024-01-01 03:00:00
synthetic_659,START,2024-01-01 04:00:00
synthetic_659,START,2024-01-01 05:00:00
synthetic_659,START,2024-01-01 06:00:00
synthetic_659,5,2024-01-01 07:00:00
synthetic_660,6,2024-01-01 00:00:00
synthetic_660,START,2024-01-01 01:00:00
synthetic_660,START,2024-01-01 02:00:00
synthetic_660,1,2024-01-01 03:00:00
synthetic_660,1,2024-01-01 04:00:00
synthetic_660,4,2024-01-01 05:00:00
synthetic_660,1,2024-01-01 06:00:00
synthetic_660,5,2024-01-01 07:00:00
synthetic_661,START,2024-01-01 00:00:00
synthetic_661,START,2024-01-01 01:00:00
synthetic_661,START,2024-01-01 02:00:00
synthetic_661,5,2024-01-01 03:00:00
synthetic_661,1,2024-01-01 04:00:00
synthetic_661,5,2024-01-01 05:00:00
synthetic_662,START,2024-01-01 00:00:00
synthetic_662,4,2024-01-01 01:00:00
synthetic_662,START,2024-01-01 02:00:00
synthetic_662,START,2024-01-01 03:00:00
synthetic_662,START,2024-01-01 04:00:00
synthetic_662,6,2024-01-01 05:00:00
synthetic_662,3,2024-01-01 06:00:00
synthetic_662,START,2024-01-01 07:00:00
synthetic_662,START,2024-01-01 08:00:00
synthetic_663,START,2024-01-01 00:00:00
synthetic_663,START,2024-01-01 01:00:00
synthetic_663,1,2024-01-01 02:00:00
synthetic_663,5,2024-01-01 03:00:00
synthetic_663,START,2024-01-01 04:00:00
synthetic_663,START,2024-01-01 05:00:00
synthetic_663,5,2024-01-01 06:00:00
synthetic_664,1,2024-01-01 00:00:00
synthetic_664,START,2024-01-01 01:00:00
synthetic_664,START,2024-01-01 02:00:00
synthetic_664,START,2024-01-01 03:00:00
synthetic_664,6,2024-01-01 04:00:00
synthetic_664,START,2024-01-01 05:00:00
synthetic_665,START,2024-01-01 00:00:00
synthetic_665,START,2024-01-01 01:00:00
synthetic_665,3,2024-01-01 02:00:00
synthetic_665,6,2024-01-01 03:00:00
synthetic_665,7,2024-01-01 04:00:00
synthetic_665,START,2024-01-01 05:00:00
synthetic_666,START,2024-01-01 00:00:00
synthetic_666,START,2024-01-01 01:00:00
synthetic_666,START,2024-01-01 02:00:00
synthetic_666,3,2024-01-01 03:00:00
synthetic_666,START,2024-01-01 04:00:00
synthetic_667,START,2024-01-01 00:00:00
synthetic_667,START,2024-01-01 01:00:00
synthetic_667,START,2024-01-01 02:00:00
synthetic_667,3,2024-01-01 03:00:00
synthetic_667,5,2024-01-01 04:00:00
synthetic_667,START,2024-01-01 05:00:00
synthetic_667,START,2024-01-01 06:00:00
synthetic_667,6,2024-01-01 07:00:00
synthetic_667,8,2024-01-01 08:00:00
synthetic_667,5,2024-01-01 09:00:00
synthetic_668,START,2024-01-01 00:00:00
synthetic_668,9,2024-01-01 01:00:00
synthetic_668,1,2024-01-01 02:00:00
synthetic_668,START,2024-01-01 03:00:00
synthetic_668,7,2024-01-01 04:00:00
synthetic_668,3,2024-01-01 05:00:00
synthetic_668,6,2024-01-01 06:00:00
synthetic_669,START,2024-01-01 00:00:00
synthetic_669,START,2024-01-01 01:00:00
synthetic_669,1,2024-01-01 02:00:00
synthetic_669,START,2024-01-01 03:00:00
synthetic_669,START,2024-01-01 04:00:00
synthetic_669,START,2024-01-01 05:00:00
synthetic_669,START,2024-01-01 06:00:00
synthetic_669,6,2024-01-01 07:00:00
synthetic_670,START,2024-01-01 00:00:00
synthetic_670,START,2024-01-01 01:00:00
synthetic_670,8,2024-01-01 02:00:00
synthetic_670,1,2024-01-01 03:00:00
synthetic_670,7,2024-01-01 04:00:00
synthetic_670,1,2024-01-01 05:00:00
synthetic_670,START,2024-01-01 06:00:00
synthetic_670,7,2024-01-01 07:00:00
synthetic_671,START,2024-01-01 00:00:00
synthetic_671,START,2024-01-01 01:00:00
synthetic_671,2,2024-01-01 02:00:00
synthetic_671,1,2024-01-01 03:00:00
synthetic_672,START,2024-01-01 00:00:00
synthetic_672,START,2024-01-01 01:00:00
synthetic_672,START,2024-01-01 02:00:00
synthetic_672,START,2024-01-01 03:00:00
synthetic_672,1,2024-01-01 04:00:00
synthetic_672,8,2024-01-01 05:00:00
synthetic_672,6,2024-01-01 06:00:00
synthetic_673,START,2024-01-01 00:00:00
synthetic_673,START,2024-01-01 01:00:00
synthetic_673,START,2024-01-01 02:00:00
synthetic_673,START,2024-01-01 03:00:00
synthetic_673,START,2024-01-01 04:00:00
synthetic_673,1,2024-01-01 05:00:00
synthetic_673,2,2024-01-01 06:00:00
synthetic_674,START,2024-01-01 00:00:00
synthetic_674,2,2024-01-01 01:00:00
synthetic_674,START,2024-01-01 02:00:00
synthetic_674,START,2024-01-01 03:00:00
synthetic_674,2,2024-01-01 04:00:00
synthetic_674,3,2024-01-01 05:00:00
synthetic_674,5,2024-01-01 06:00:00
synthetic_675,START,2024-01-01 00:00:00
synthetic_675,START,2024-01-01 01:00:00
synthetic_675,START,2024-01-01 02:00:00
synthetic_675,3,2024-01-01 03:00:00
synthetic_675,9,2024-01-01 04:00:00
synthetic_675,1,2024-01-01 05:00:00
synthetic_675,2,2024-01-01 06:00:00
synthetic_675,2,2024-01-01 07:00:00
synthetic_676,6,2024-01-01 00:00:00
synthetic_676,START,2024-01-01 01:00:00
synthetic_676,START,2024-01-01 02:00:00
synthetic_676,3,2024-01-01 03:00:00
synthetic_676,1,2024-01-01 04:00:00
synthetic_676,START,2024-01-01 05:00:00
synthetic_676,START,2024-01-01 06:00:00
synthetic_676,5,2024-01-01 07:00:00
synthetic_676,3,2024-01-01 08:00:00
synthetic_676,6,2024-01-01 09:00:00
synthetic_677,START,2024-01-01 00:00:00
synthetic_677,START,2024-01-01 01:00:00
synthetic_677,START,2024-01-01 02:00:00
synthetic_677,1,2024-01-01 03:00:00
synthetic_677,2,2024-01-01 04:00:00
synthetic_677,3,2024-01-01 05:00:00
synthetic_678,START,2024-01-01 00:00:00
synthetic_678,START,2024-01-01 01:00:00
synthetic_678,START,2024-01-01 02:00:00
synthetic_678,START,2024-01-01 03:00:00
synthetic_678,5,2024-01-01 04:00:00
synthetic_678,3,2024-01-01 05:00:00
synthetic_678,7,2024-01-01 06:00:00
synthetic_678,START,2024-01-01 07:00:00
synthetic_679,START,2024-01-01 00:00:00
synthetic_679,START,2024-01-01 01:00:00
synthetic_679,1,2024-01-01 02:00:00
synthetic_679,1,2024-01-01 03:00:00
synthetic_679,3,2024-01-01 04:00:00
synthetic_680,START,2024-01-01 00:00:00
synthetic_680,1,2024-01-01 01:00:00
synthetic_680,START,2024-01-01 02:00:00
synthetic_680,5,2024-01-01 03:00:00
synthetic_681,START,2024-01-01 00:00:00
synthetic_681,START,2024-01-01 01:00:00
synthetic_681,3,2024-01-01 02:00:00
synthetic_681,START,2024-01-01 03:00:00
synthetic_681,START,2024-01-01 04:00:00
synthetic_681,6,2024-01-01 05:00:00
synthetic_682,START,2024-01-01 00:00:00
synthetic_682,START,2024-01-01 01:00:00
synthetic_682,1,2024-01-01 02:00:00
synthetic_682,START,2024-01-01 03:00:00
synthetic_682,1,2024-01-01 04:00:00
synthetic_682,2,2024-01-01 05:00:00
synthetic_682,START,2024-01-01 06:00:00
synthetic_683,START,2024-01-01 00:00:00
synthetic_683,START,2024-01-01 01:00:00
synthetic_683,START,2024-01-01 02:00:00
synthetic_683,7,2024-01-01 03:00:00
synthetic_683,START,2024-01-01 04:00:00
synthetic_683,7,2024-01-01 05:00:00
synthetic_683,START,2024-01-01 06:00:00
synthetic_684,START,2024-01-01 00:00:00
synthetic_684,START,2024-01-01 01:00:00
synthetic_684,START,2024-01-01 02:00:00
synthetic_684,3,2024-01-01 03:00:00
synthetic_684,5,2024-01-01 04:00:00
synthetic_684,2,2024-01-01 05:00:00
synthetic_684,7,2024-01-01 06:00:00
synthetic_685,START,2024-01-01 00:00:00
synthetic_685,START,2024-01-01 01:00:00
synthetic_685,START,2024-01-01 02:00:00
synthetic_685,START,2024-01-01 03:00:00
synthetic_685,4,2024-01-01 04:00:00
synthetic_685,9,2024-01-01 05:00:00
synthetic_686,START,2024-01-01 00:00:00
synthetic_686,START,2024-01-01 01:00:00
synthetic_686,START,2024-01-01 02:00:00
synthetic_686,2,2024-01-01 03:00:00
synthetic_686,5,2024-01-01 04:00:00
synthetic_686,2,2024-01-01 05:00:00
synthetic_686,2,2024-01-01 06:00:00
synthetic_687,START,2024-01-01 00:00:00
synthetic_687,6,2024-01-01 01:00:00
synthetic_687,START,2024-01-01 02:00:00
synthetic_687,START,2024-01-01 03:00:00
synthetic_687,START,2024-01-01 04:00:00
synthetic_687,8,2024-01-01 05:00:00
synthetic_687,3,2024-01-01 06:00:00
synthetic_688,START,2024-01-01 00:00:00
synthetic_688,START,2024-01-01 01:00:00
synthetic_688,4,2024-01-01 02:00:00
synthetic_688,START,2024-01-01 03:00:00
synthetic_688,START,2024-01-01 04:00:00
synthetic_688,START,2024-01-01 05:00:00
synthetic_688,2,2024-01-01 06:00:00
synthetic_688,1,2024-01-01 07:00:00
synthetic_688,START,2024-01-01 08:00:00
synthetic_689,6,2024-01-01 00:00:00
synthetic_689,START,2024-01-01 01:00:00
synthetic_689,START,2024-01-01 02:00:00
synthetic_689,5,2024-01-01 03:00:00
synthetic_689,6,2024-01-01 04:00:00
synthetic_689,3,2024-01-01 05:00:00
synthetic_689,9,2024-01-01 06:00:00
synthetic_689,1,2024-01-01 07:00:00
synthetic_690,START,2024-01-01 00:00:00
synthetic_690,START,2024-01-01 01:00:00
synthetic_690,START,2024-01-01 02:00:00
synthetic_690,START,2024-01-01 03:00:00
synthetic_690,START,2024-01-01 04:00:00
synthetic_690,5,2024-01-01 05:00:00
synthetic_690,9,2024-01-01 06:00:00
synthetic_690,7,2024-01-01 07:00:00
synthetic_691,START,2024-01-01 00:00:00
synthetic_691,START,2024-01-01 01:00:00
synthetic_691,START,2024-01-01 02:00:00
synthetic_691,START,2024-01-01 03:00:00
synthetic_691,5,2024-01-01 04:00:00
synthetic_691,5,2024-01-01 05:00:00
synthetic_691,9,2024-01-01 06:00:00
synthetic_691,2,2024-01-01 07:00:00
synthetic_691,2,2024-01-01 08:00:00
synthetic_692,7,2024-01-01 00:00:00
synthetic_692,START,2024-01-01 01:00:00
synthetic_692,START,2024-01-01 02:00:00
synthetic_692,5,2024-01-01 03:00:00
synthetic_693,START,2024-01-01 00:00:00
synthetic_693,START,2024-01-01 01:00:00
synthetic_693,START,2024-01-01 02:00:00
synthetic_693,START,2024-01-01 03:00:00
synthetic_693,3,2024-01-01 04:00:00
synthetic_693,8,2024-01-01 05:00:00
synthetic_693,6,2024-01-01 06:00:00
synthetic_694,START,2024-01-01 00:00:00
synthetic_694,START,2024-01-01 01:00:00
synthetic_694,START,2024-01-01 02:00:00
synthetic_694,START,2024-01-01 03:00:00
synthetic_694,9,2024-01-01 04:00:00
synthetic_694,1,2024-01-01 05:00:00
synthetic_694,2,2024-01-01 06:00:00
synthetic_694,7,2024-01-01 07:00:00
synthetic_694,6,2024-01-01 08:00:00
synthetic_695,START,2024-01-01 00:00:00
synthetic_695,5,2024-01-01 01:00:00
synthetic_695,START,2024-01-01 02:00:00
synthetic_695,1,2024-01-01 03:00:00
synthetic_695,START,2024-01-01 04:00:00
synthetic_695,START,2024-01-01 05:00:00
synthetic_695,5,2024-01-01 06:00:00
synthetic_696,START,2024-01-01 00:00:00
synthetic_696,3,2024-01-01 01:00:00
synthetic_696,START,2024-01-01 02:00:00
synthetic_696,START,2024-01-01 03:00:00
synthetic_696,START,2024-01-01 04:00:00
synthetic_696,START,2024-01-01 05:00:00
synthetic_696,6,2024-01-01 06:00:00
synthetic_696,3,2024-01-01 07:00:00
synthetic_696,2,2024-01-01 08:00:00
synthetic_697,5,2024-01-01 00:00:00
synthetic_697,START,2024-01-01 01:00:00
synthetic_697,START,2024-01-01 02:00:00
synthetic_697,START,2024-01-01 03:00:00
synthetic_697,6,2024-01-01 04:00:00
synthetic_697,START,2024-01-01 05:00:00
synthetic_697,5,2024-01-01 06:00:00
synthetic_697,6,2024-01-01 07:00:00
synthetic_697,3,2024-01-01 08:00:00
synthetic_698,START,2024-01-01 00:00:00
synthetic_698,START,2024-01-01 01:00:00
synthetic_698,1,2024-01-01 02:00:00
synthetic_698,1,2024-01-01 03:00:00
synthetic_698,9,2024-01-01 04:00:00
synthetic_698,START,2024-01-01 05:00:00
synthetic_698,5,2024-01-01 06:00:00
synthetic_698,4,2024-01-01 07:00:00
synthetic_699,START,2024-01-01 00:00:00
synthetic_699,START,2024-01-01 01:00:00
synthetic_699,START,2024-01-01 02:00:00
synthetic_699,START,2024-01-01 03:00:00
synthetic_699,START,2024-01-01 04:00:00
synthetic_699,8,2024-01-01 05:00:00
synthetic_699,5,2024-01-01 06:00:00
synthetic_699,2,2024-01-01 07:00:00
synthetic_700,9,2024-01-01 00:00:00
synthetic_700,START,2024-01-01 01:00:00
synthetic_700,START,2024-01-01 02:00:00
synthetic_700,1,2024-01-01 03:00:00
synthetic_700,START,2024-01-01 04:00:00
synthetic_700,4,2024-01-01 05:00:00
synthetic_700,3,2024-01-01 06:00:00
synthetic_701,START,2024-01-01 00:00:00
synthetic_701,1,2024-01-01 01:00:00
synthetic_701,START,2024-01-01 02:00:00
synthetic_701,7,2024-01-01 03:00:00
synthetic_701,6,2024-01-01 04:00:00
synthetic_701,6,2024-01-01 05:00:00
synthetic_701,3,2024-01-01 06:00:00
synthetic_702,START,2024-01-01 00:00:00
synthetic_702,START,2024-01-01 01:00:00
synthetic_702,START,2024-01-01 02:00:00
synthetic_702,START,2024-01-01 03:00:00
synthetic_702,START,2024-01-01 04:00:00
synthetic_702,3,2024-01-01 05:00:00
synthetic_703,START,2024-01-01 00:00:00
synthetic_703,START,2024-01-01 01:00:00
synthetic_703,START,2024-01-01 02:00:00
synthetic_703,8,2024-01-01 03:00:00
synthetic_703,9,2024-01-01 04:00:00
synthetic_703,5,2024-01-01 05:00:00
synthetic_703,1,2024-01-01 06:00:00
synthetic_703,3,2024-01-01 07:00:00
synthetic_704,START,2024-01-01 00:00:00
synthetic_704,1,2024-01-01 01:00:00
synthetic_704,START,2024-01-01 02:00:00
synthetic_704,4,2024-01-01 03:00:00
synthetic_704,2,2024-01-01 04:00:00
synthetic_704,5,2024-01-01 05:00:00
synthetic_705,START,2024-01-01 00:00:00
synthetic_705,START,2024-01-01 01:00:00
synthetic_705,START,2024-01-01 02:00:00
synthetic_705,START,2024-01-01 03:00:00
synthetic_705,START,2024-01-01 04:00:00
synthetic_705,START,2024-01-01 05:00:00
synthetic_705,START,2024-01-01 06:00:00
synthetic_705,9,2024-01-01 07:00:00
synthetic_705,2,2024-01-01 08:00:00
synthetic_706,START,2024-01-01 00:00:00
synthetic_706,START,2024-01-01 01:00:00
synthetic_706,START,2024-01-01 02:00:00
synthetic_706,START,2024-01-01 03:00:00
synthetic_706,START,2024-01-01 04:00:00
synthetic_706,3,2024-01-01 05:00:00
synthetic_706,6,2024-01-01 06:00:00
synthetic_707,START,2024-01-01 00:00:00
synthetic_707,START,2024-01-01 01:00:00
synthetic_707,START,2024-01-01 02:00:00
synthetic_707,6,2024-01-01 03:00:00
synthetic_707,START,2024-01-01 04:00:00
synthetic_707,START,2024-01-01 05:00:00
synthetic_707,6,2024-01-01 06:00:00
synthetic_707,7,2024-01-01 07:00:00
synthetic_707,2,2024-01-01 08:00:00
synthetic_707,START,2024-01-01 09:00:00
synthetic_708,START,2024-01-01 00:00:00
synthetic_708,START,2024-01-01 01:00:00
synthetic_708,START,2024-01-01 02:00:00
synthetic_708,START,2024-01-01 03:00:00
synthetic_708,START,2024-01-01 04:00:00
synthetic_708,START,2024-01-01 05:00:00
synthetic_708,6,2024-01-01 06:00:00
synthetic_708,9,2024-01-01 07:00:00
synthetic_708,START,2024-01-01 08:00:00
synthetic_708,6,2024-01-01 09:00:00
synthetic_709,5,2024-01-01 00:00:00
synthetic_709,START,2024-01-01 01:00:00
synthetic_709,START,2024-01-01 02:00:00
synthetic_709,START,2024-01-01 03:00:00
synthetic_709,7,2024-01-01 04:00:00
synthetic_709,START,2024-01-01 05:00:00
synthetic_709,1,2024-01-01 06:00:00
synthetic_709,1,2024-01-01 07:00:00
synthetic_710,START,2024-01-01 00:00:00
synthetic_710,2,2024-01-01 01:00:00
synthetic_710,8,2024-01-01 02:00:00
synthetic_710,5,2024-01-01 03:00:00
synthetic_710,START,2024-01-01 04:00:00
synthetic_710,9,2024-01-01 05:00:00
synthetic_711,7,2024-01-01 00:00:00
synthetic_711,START,2024-01-01 01:00:00
synthetic_711,START,2024-01-01 02:00:00
synthetic_711,START,2024-01-01 03:00:00
synthetic_711,6,2024-01-01 04:00:00
synthetic_711,7,2024-01-01 05:00:00
synthetic_711,2,2024-01-01 06:00:00
synthetic_711,5,2024-01-01 07:00:00
synthetic_711,2,2024-01-01 08:00:00
synthetic_712,START,2024-01-01 00:00:00
synthetic_712,START,2024-01-01 01:00:00
synthetic_712,START,2024-01-01 02:00:00
synthetic_712,START,2024-01-01 03:00:00
synthetic_712,1,2024-01-01 04:00:00
synthetic_713,START,2024-01-01 00:00:00
synthetic_713,START,2024-01-01 01:00:00
synthetic_713,5,2024-01-01 02:00:00
synthetic_713,6,2024-01-01 03:00:00
synthetic_713,6,2024-01-01 04:00:00
synthetic_713,START,2024-01-01 05:00:00
synthetic_714,START,2024-01-01 00:00:00
synthetic_714,START,2024-01-01 01:00:00
synthetic_714,START,2024-01-01 02:00:00
synthetic_714,9,2024-01-01 03:00:00
synthetic_714,1,2024-01-01 04:00:00
synthetic_714,2,2024-01-01 05:00:00
synthetic_714,1,2024-01-01 06:00:00
synthetic_715,START,2024-01-01 00:00:00
synthetic_715,START,2024-01-01 01:00:00
synthetic_715,START,2024-01-01 02:00:00
synthetic_715,START,2024-01-01 03:00:00
synthetic_715,START,2024-01-01 04:00:00
synthetic_715,START,2024-01-01 05:00:00
synthetic_715,4,2024-01-01 06:00:00
synthetic_716,START,2024-01-01 00:00:00
synthetic_716,START,2024-01-01 01:00:00
synthetic_716,START,2024-01-01 02:00:00
synthetic_716,8,2024-01-01 03:00:00
synthetic_716,9,2024-01-01 04:00:00
synthetic_716,2,2024-01-01 05:00:00
synthetic_717,START,2024-01-01 00:00:00
synthetic_717,START,2024-01-01 01:00:00
synthetic_717,START,2024-01-01 02:00:00
synthetic_717,6,2024-01-01 03:00:00
synthetic_717,START,2024-01-01 04:00:00
synthetic_717,4,2024-01-01 05:00:00
synthetic_717,2,2024-01-01 06:00:00
synthetic_718,START,2024-01-01 00:00:00
synthetic_718,START,2024-01-01 01:00:00
synthetic_718,START,2024-01-01 02:00:00
synthetic_718,4,2024-01-01 03:00:00
synthetic_718,9,2024-01-01 04:00:00
synthetic_718,2,2024-01-01 05:00:00
synthetic_718,9,2024-01-01 06:00:00
synthetic_719,START,2024-01-01 00:00:00
synthetic_719,START,2024-01-01 01:00:00
synthetic_719,8,2024-01-01 02:00:00
synthetic_719,START,2024-01-01 03:00:00
synthetic_719,5,2024-01-01 04:00:00
synthetic_719,2,2024-01-01 05:00:00
synthetic_719,START,2024-01-01 06:00:00
synthetic_719,START,2024-01-01 07:00:00
synthetic_719,3,2024-01-01 08:00:00
synthetic_719,9,2024-01-01 09:00:00
synthetic_720,START,2024-01-01 00:00:00
synthetic_720,START,2024-01-01 01:00:00
synthetic_720,START,2024-01-01 02:00:00
synthetic_720,START,2024-01-01 03:00:00
synthetic_720,START,2024-01-01 04:00:00
synthetic_720,START,2024-01-01 05:00:00
synthetic_720,START,2024-01-01 06:00:00
synthetic_721,2,2024-01-01 00:00:00
synthetic_721,START,2024-01-01 01:00:00
synthetic_721,START,2024-01-01 02:00:00
synthetic_721,1,2024-01-01 03:00:00
synthetic_721,START,2024-01-01 04:00:00
synthetic_721,3,2024-01-01 05:00:00
synthetic_721,1,2024-01-01 06:00:00
synthetic_721,9,2024-01-01 07:00:00
synthetic_722,START,2024-01-01 00:00:00
synthetic_722,START,2024-01-01 01:00:00
synthetic_722,START,2024-01-01 02:00:00
synthetic_722,2,2024-01-01 03:00:00
synthetic_722,5,2024-01-01 04:00:00
synthetic_722,START,2024-01-01 05:00:00
synthetic_722,5,2024-01-01 06:00:00
synthetic_722,2,2024-01-01 07:00:00
synthetic_722,START,2024-01-01 08:00:00
synthetic_723,START,2024-01-01 00:00:00
synthetic_723,START,2024-01-01 01:00:00
synthetic_723,START,2024-01-01 02:00:00
synthetic_723,START,2024-01-01 03:00:00
synthetic_724,START,2024-01-01 00:00:00
synthetic_724,START,2024-01-01 01:00:00
synthetic_724,8,2024-01-01 02:00:00
synthetic_724,START,2024-01-01 03:00:00
synthetic_724,2,2024-01-01 04:00:00
synthetic_724,9,2024-01-01 05:00:00
synthetic_725,START,2024-01-01 00:00:00
synthetic_725,START,2024-01-01 01:00:00
synthetic_725,2,2024-01-01 02:00:00
synthetic_725,START,2024-01-01 03:00:00
synthetic_725,6,2024-01-01 04:00:00
synthetic_725,1,2024-01-01 05:00:00
synthetic_725,8,2024-01-01 06:00:00
synthetic_726,START,2024-01-01 00:00:00
synthetic_726,START,2024-01-01 01:00:00
synthetic_726,START,2024-01-01 02:00:00
synthetic_726,9,2024-01-01 03:00:00
synthetic_726,START,2024-01-01 04:00:00
synthetic_726,2,2024-01-01 05:00:00
synthetic_726,1,2024-01-01 06:00:00
synthetic_726,1,2024-01-01 07:00:00
synthetic_727,START,2024-01-01 00:00:00
synthetic_727,6,2024-01-01 01:00:00
synthetic_727,7,2024-01-01 02:00:00
synthetic_727,START,2024-01-01 03:00:00
synthetic_727,3,2024-01-01 04:00:00
synthetic_728,START,2024-01-01 00:00:00
synthetic_728,START,2024-01-01 01:00:00
synthetic_728,START,2024-01-01 02:00:00
synthetic_728,START,2024-01-01 03:00:00
synthetic_728,START,2024-01-01 04:00:00
synthetic_728,START,2024-01-01 05:00:00
synthetic_728,START,2024-01-01 06:00:00
synthetic_728,6,2024-01-01 07:00:00
synthetic_728,9,2024-01-01 08:00:00
synthetic_728,6,2024-01-01 09:00:00
synthetic_729,START,2024-01-01 00:00:00
synthetic_729,START,2024-01-01 01:00:00
synthetic_729,START,2024-01-01 02:00:00
synthetic_729,START,2024-01-01 03:00:00
synthetic_729,START,2024-01-01 04:00:00
synthetic_729,3,2024-01-01 05:00:00
synthetic_729,START,2024-01-01 06:00:00
synthetic_729,8,2024-01-01 07:00:00
synthetic_730,2,2024-01-01 00:00:00
synthetic_730,8,2024-01-01 01:00:00
synthetic_730,1,2024-01-01 02:00:00
synthetic_730,1,2024-01-01 03:00:00
synthetic_730,2,2024-01-01 04:00:00
synthetic_730,1,2024-01-01 05:00:00
synthetic_730,4,2024-01-01 06:00:00
synthetic_731,START,2024-01-01 00:00:00
synthetic_731,6,2024-01-01 01:00:00
synthetic_731,START,2024-01-01 02:00:00
synthetic_731,START,2024-01-01 03:00:00
synthetic_731,START,2024-01-01 04:00:00
synthetic_732,START,2024-01-01 00:00:00
synthetic_732,START,2024-01-01 01:00:00
synthetic_732,START,2024-01-01 02:00:00
synthetic_732,START,2024-01-01 03:00:00
synthetic_732,3,2024-01-01 04:00:00
synthetic_732,1,2024-01-01 05:00:00
synthetic_733,START,2024-01-01 00:00:00
synthetic_733,START,2024-01-01 01:00:00
synthetic_733,6,2024-01-01 02:00:00
synthetic_733,3,2024-01-01 03:00:00
synthetic_733,1,2024-01-01 04:00:00
synthetic_733,START,2024-01-01 05:00:00
synthetic_734,START,2024-01-01 00:00:00
synthetic_734,1,2024-01-01 01:00:00
synthetic_734,START,2024-01-01 02:00:00
synthetic_734,START,2024-01-01 03:00:00
synthetic_735,START,2024-01-01 00:00:00
synthetic_735,START,2024-01-01 01:00:00
synthetic_735,START,2024-01-01 02:00:00
synthetic_735,1,2024-01-01 03:00:00
synthetic_735,3,2024-01-01 04:00:00
synthetic_735,START,2024-01-01 05:00:00
synthetic_735,START,2024-01-01 06:00:00
synthetic_735,8,2024-01-01 07:00:00
synthetic_735,4,2024-01-01 08:00:00
synthetic_736,START,2024-01-01 00:00:00
synthetic_736,START,2024-01-01 01:00:00
synthetic_736,START,2024-01-01 02:00:00
synthetic_736,START,2024-01-01 03:00:00
synthetic_736,4,2024-01-01 04:00:00
synthetic_736,7,2024-01-01 05:00:00
synthetic_737,START,2024-01-01 00:00:00
synthetic_737,START,2024-01-01 01:00:00
synthetic_737,START,2024-01-01 02:00:00
synthetic_737,START,2024-01-01 03:00:00
synthetic_737,START,2024-01-01 04:00:00
synthetic_738,2,2024-01-01 00:00:00
synthetic_738,START,2024-01-01 01:00:00
synthetic_738,START,2024-01-01 02:00:00
synthetic_738,START,2024-01-01 03:00:00
synthetic_739,START,2024-01-01 00:00:00
synthetic_739,START,2024-01-01 01:00:00
synthetic_739,START,2024-01-01 02:00:00
synthetic_739,START,2024-01-01 03:00:00
synthetic_739,START,2024-01-01 04:00:00
synthetic_739,START,2024-01-01 05:00:00
synthetic_739,6,2024-01-01 06:00:00
synthetic_739,START,2024-01-01 07:00:00
synthetic_739,3,2024-01-01 08:00:00
synthetic_740,START,2024-01-01 00:00:00
synthetic_740,START,2024-01-01 01:00:00
synthetic_740,3,2024-01-01 02:00:00
synthetic_740,START,2024-01-01 03:00:00
synthetic_740,2,2024-01-01 04:00:00
synthetic_740,START,2024-01-01 05:00:00
synthetic_740,3,2024-01-01 06:00:00
synthetic_741,START,2024-01-01 00:00:00
synthetic_741,START,2024-01-01 01:00:00
synthetic_741,START,2024-01-01 02:00:00
synthetic_741,START,2024-01-01 03:00:00
synthetic_741,5,2024-01-01 04:00:00
synthetic_741,START,2024-01-01 05:00:00
synthetic_742,START,2024-01-01 00:00:00
synthetic_742,2,2024-01-01 01:00:00
synthetic_742,5,2024-01-01 02:00:00
synthetic_742,2,2024-01-01 03:00:00
synthetic_742,1,2024-01-01 04:00:00
synthetic_742,3,2024-01-01 05:00:00
synthetic_743,START,2024-01-01 00:00:00
synthetic_743,START,2024-01-01 01:00:00
synthetic_743,START,2024-01-01 02:00:00
synthetic_743,START,2024-01-01 03:00:00
synthetic_743,5,2024-01-01 04:00:00
synthetic_743,7,2024-01-01 05:00:00
synthetic_744,START,2024-01-01 00:00:00
synthetic_744,START,2024-01-01 01:00:00
synthetic_744,START,2024-01-01 02:00:00
synthetic_744,4,2024-01-01 03:00:00
synthetic_744,START,2024-01-01 04:00:00
synthetic_744,1,2024-01-01 05:00:00
synthetic_744,START,2024-01-01 06:00:00
synthetic_745,START,2024-01-01 00:00:00
synthetic_745,1,2024-01-01 01:00:00
synthetic_745,9,2024-01-01 02:00:00
synthetic_745,2,2024-01-01 03:00:00
synthetic_745,START,2024-01-01 04:00:00
synthetic_745,8,2024-01-01 05:00:00
synthetic_746,START,2024-01-01 00:00:00
synthetic_746,START,2024-01-01 01:00:00
synthetic_746,1,2024-01-01 02:00:00
synthetic_746,START,2024-01-01 03:00:00
synthetic_746,3,2024-01-01 04:00:00
synthetic_746,9,2024-01-01 05:00:00
synthetic_746,1,2024-01-01 06:00:00
synthetic_746,START,2024-01-01 07:00:00
synthetic_747,START,2024-01-01 00:00:00
synthetic_747,5,2024-01-01 01:00:00
synthetic_747,START,2024-01-01 02:00:00
synthetic_747,START,2024-01-01 03:00:00
synthetic_747,1,2024-01-01 04:00:00
synthetic_747,START,2024-01-01 05:00:00
synthetic_748,START,2024-01-01 00:00:00
synthetic_748,START,2024-01-01 01:00:00
synthetic_748,START,2024-01-01 02:00:00
synthetic_748,START,2024-01-01 03:00:00
synthetic_748,START,2024-01-01 04:00:00
synthetic_748,START,2024-01-01 05:00:00
synthetic_748,1,2024-01-01 06:00:00
synthetic_748,3,2024-01-01 07:00:00
synthetic_749,START,2024-01-01 00:00:00
synthetic_749,START,2024-01-01 01:00:00
synthetic_749,START,2024-01-01 02:00:00
synthetic_749,START,2024-01-01 03:00:00
synthetic_749,5,2024-01-01 04:00:00
synthetic_749,2,2024-01-01 05:00:00
synthetic_750,START,2024-01-01 00:00:00
synthetic_750,START,2024-01-01 01:00:00
synthetic_750,START,2024-01-01 02:00:00
synthetic_750,1,2024-01-01 03:00:00
synthetic_750,7,2024-01-01 04:00:00
synthetic_751,START,2024-01-01 00:00:00
synthetic_751,START,2024-01-01 01:00:00
synthetic_751,START,2024-01-01 02:00:00
synthetic_751,START,2024-01-01 03:00:00
synthetic_751,START,2024-01-01 04:00:00
synthetic_751,9,2024-01-01 05:00:00
synthetic_751,5,2024-01-01 06:00:00
synthetic_751,2,2024-01-01 07:00:00
synthetic_751,1,2024-01-01 08:00:00
synthetic_752,8,2024-01-01 00:00:00
synthetic_752,START,2024-01-01 01:00:00
synthetic_752,START,2024-01-01 02:00:00
synthetic_752,START,2024-01-01 03:00:00
synthetic_752,2,2024-01-01 04:00:00
synthetic_752,5,2024-01-01 05:00:00
synthetic_752,1,2024-01-01 06:00:00
synthetic_753,START,2024-01-01 00:00:00
synthetic_753,START,2024-01-01 01:00:00
synthetic_753,1,2024-01-01 02:00:00
synthetic_753,6,2024-01-01 03:00:00
synthetic_753,START,2024-01-01 04:00:00
synthetic_753,2,2024-01-01 05:00:00
synthetic_753,3,2024-01-01 06:00:00
synthetic_753,4,2024-01-01 07:00:00
synthetic_754,START,2024-01-01 00:00:00
synthetic_754,START,2024-01-01 01:00:00
synthetic_754,9,2024-01-01 02:00:00
synthetic_754,1,2024-01-01 03:00:00
synthetic_754,START,2024-01-01 04:00:00
synthetic_754,START,2024-01-01 05:00:00
synthetic_754,5,2024-01-01 06:00:00
synthetic_755,START,2024-01-01 00:00:00
synthetic_755,START,2024-01-01 01:00:00
synthetic_755,START,2024-01-01 02:00:00
synthetic_755,START,2024-01-01 03:00:00
synthetic_755,START,2024-01-01 04:00:00
synthetic_755,9,2024-01-01 05:00:00
synthetic_755,START,2024-01-01 06:00:00
synthetic_756,START,2024-01-01 00:00:00
synthetic_756,START,2024-01-01 01:00:00
synthetic_756,START,2024-01-01 02:00:00
synthetic_756,6,2024-01-01 03:00:00
synthetic_756,5,2024-01-01 04:00:00
synthetic_756,9,2024-01-01 05:00:00
synthetic_756,5,2024-01-01 06:00:00
synthetic_757,START,2024-01-01 00:00:00
synthetic_757,START,2024-01-01 01:00:00
synthetic_757,START,2024-01-01 02:00:00
synthetic_757,2,2024-01-01 03:00:00
synthetic_757,START,2024-01-01 04:00:00
synthetic_758,START,2024-01-01 00:00:00
synthetic_758,START,2024-01-01 01:00:00
synthetic_758,START,2024-01-01 02:00:00
synthetic_758,1,2024-01-01 03:00:00
synthetic_758,START,2024-01-01 04:00:00
synthetic_758,1,2024-01-01 05:00:00
synthetic_758,3,2024-01-01 06:00:00
synthetic_759,START,2024-01-01 00:00:00
synthetic_759,3,2024-01-01 01:00:00
synthetic_759,9,2024-01-01 02:00:00
synthetic_759,8,2024-01-01 03:00:00
synthetic_759,START,2024-01-01 04:00:00
synthetic_759,3,2024-01-01 05:00:00
synthetic_759,2,2024-01-01 06:00:00
synthetic_760,START,2024-01-01 00:00:00
synthetic_760,START,2024-01-01 01:00:00
synthetic_760,5,2024-01-01 02:00:00
synthetic_760,START,2024-01-01 03:00:00
synthetic_760,1,2024-01-01 04:00:00
synthetic_760,START,2024-01-01 05:00:00
synthetic_760,9,2024-01-01 06:00:00
synthetic_760,5,2024-01-01 07:00:00
synthetic_760,5,2024-01-01 08:00:00
synthetic_761,START,2024-01-01 00:00:00
synthetic_761,START,2024-01-01 01:00:00
synthetic_761,START,2024-01-01 02:00:00
synthetic_761,START,2024-01-01 03:00:00
synthetic_761,START,2024-01-01 04:00:00
synthetic_761,5,2024-01-01 05:00:00
synthetic_762,START,2024-01-01 00:00:00
synthetic_762,START,2024-01-01 01:00:00
synthetic_762,START,2024-01-01 02:00:00
synthetic_762,START,2024-01-01 03:00:00
synthetic_762,1,2024-01-01 04:00:00
synthetic_762,5,2024-01-01 05:00:00
synthetic_762,4,2024-01-01 06:00:00
synthetic_762,5,2024-01-01 07:00:00
synthetic_763,START,2024-01-01 00:00:00
synthetic_763,4,2024-01-01 01:00:00
synthetic_763,START,2024-01-01 02:00:00
synthetic_763,5,2024-01-01 03:00:00
synthetic_763,START,2024-01-01 04:00:00
synthetic_763,7,2024-01-01 05:00:00
synthetic_763,START,2024-01-01 06:00:00
synthetic_763,9,2024-01-01 07:00:00
synthetic_763,9,2024-01-01 08:00:00
synthetic_764,START,2024-01-01 00:00:00
synthetic_764,START,2024-01-01 01:00:00
synthetic_764,START,2024-01-01 02:00:00
synthetic_764,START,2024-01-01 03:00:00
synthetic_764,2,2024-01-01 04:00:00
synthetic_764,START,2024-01-01 05:00:00
synthetic_764,START,2024-01-01 06:00:00
synthetic_764,1,2024-01-01 07:00:00
synthetic_764,5,2024-01-01 08:00:00
synthetic_765,START,2024-01-01 00:00:00
synthetic_765,START,2024-01-01 01:00:00
synthetic_765,START,2024-01-01 02:00:00
synthetic_765,START,2024-01-01 03:00:00
synthetic_765,2,2024-01-01 04:00:00
synthetic_765,START,2024-01-01 05:00:00
synthetic_765,9,2024-01-01 06:00:00
synthetic_765,2,2024-01-01 07:00:00
synthetic_765,5,2024-01-01 08:00:00
synthetic_766,2,2024-01-01 00:00:00
synthetic_766,START,2024-01-01 01:00:00
synthetic_766,START,2024-01-01 02:00:00
synthetic_766,5,2024-01-01 03:00:00
synthetic_766,4,2024-01-01 04:00:00
synthetic_766,2,2024-01-01 05:00:00
synthetic_767,START,2024-01-01 00:00:00
synthetic_767,7,2024-01-01 01:00:00
synthetic_767,START,2024-01-01 02:00:00
synthetic_767,START,2024-01-01 03:00:00
synthetic_767,START,2024-01-01 04:00:00
synthetic_767,9,2024-01-01 05:00:00
synthetic_767,1,2024-01-01 06:00:00
synthetic_767,2,2024-01-01 07:00:00
synthetic_768,START,2024-01-01 00:00:00
synthetic_768,START,2024-01-01 01:00:00
synthetic_768,7,2024-01-01 02:00:00
synthetic_768,4,2024-01-01 03:00:00
synthetic_768,3,2024-01-01 04:00:00
synthetic_768,1,2024-01-01 05:00:00
synthetic_769,START,2024-01-01 00:00:00
synthetic_769,START,2024-01-01 01:00:00
synthetic_769,START,2024-01-01 02:00:00
synthetic_769,9,2024-01-01 03:00:00
synthetic_769,5,2024-01-01 04:00:00
synthetic_769,7,2024-01-01 05:00:00
synthetic_769,START,2024-01-01 06:00:00
synthetic_769,4,2024-01-01 07:00:00
synthetic_770,START,2024-01-01 00:00:00
synthetic_770,START,2024-01-01 01:00:00
synthetic_770,START,2024-01-01 02:00:00
synthetic_770,6,2024-01-01 03:00:00
synthetic_770,START,2024-01-01 04:00:00
synthetic_770,5,2024-01-01 05:00:00
synthetic_770,START,2024-01-01 06:00:00
synthetic_770,7,2024-01-01 07:00:00
synthetic_771,6,2024-01-01 00:00:00
synthetic_771,START,2024-01-01 01:00:00
synthetic_771,START,2024-01-01 02:00:00
synthetic_771,START,2024-01-01 03:00:00
synthetic_771,5,2024-01-01 04:00:00
synthetic_771,1,2024-01-01 05:00:00
synthetic_771,4,2024-01-01 06:00:00
synthetic_771,START,2024-01-01 07:00:00
synthetic_771,4,2024-01-01 08:00:00
synthetic_772,START,2024-01-01 00:00:00
synthetic_772,START,2024-01-01 01:00:00
synthetic_772,8,2024-01-01 02:00:00
synthetic_772,START,2024-01-01 03:00:00
synthetic_772,START,2024-01-01 04:00:00
synthetic_772,START,2024-01-01 05:00:00
synthetic_772,1,2024-01-01 06:00:00
synthetic_772,2,2024-01-01 07:00:00
synthetic_773,START,2024-01-01 00:00:00
synthetic_773,START,2024-01-01 01:00:00
synthetic_773,START,2024-01-01 02:00:00
synthetic_773,START,2024-01-01 03:00:00
synthetic_774,START,2024-01-01 00:00:00
synthetic_774,5,2024-01-01 01:00:00
synthetic_774,8,2024-01-01 02:00:00
synthetic_774,START,2024-01-01 03:00:00
synthetic_774,START,2024-01-01 04:00:00
synthetic_774,START,2024-01-01 05:00:00
synthetic_774,4,2024-01-01 06:00:00
synthetic_774,5,2024-01-01 07:00:00
synthetic_774,START,2024-01-01 08:00:00
synthetic_774,1,2024-01-01 09:00:00
synthetic_775,START,2024-01-01 00:00:00
synthetic_775,START,2024-01-01 01:00:00
synthetic_775,START,2024-01-01 02:00:00
synthetic_775,6,2024-01-01 03:00:00
synthetic_775,1,2024-01-01 04:00:00
synthetic_776,START,2024-01-01 00:00:00
synthetic_776,START,2024-01-01 01:00:00
synthetic_776,START,2024-01-01 02:00:00
synthetic_776,9,2024-01-01 03:00:00
synthetic_776,START,2024-01-01 04:00:00
synthetic_776,4,2024-01-01 05:00:00
synthetic_776,7,2024-01-01 06:00:00
synthetic_776,1,2024-01-01 07:00:00
synthetic_776,START,2024-01-01 08:00:00
synthetic_777,START,2024-01-01 00:00:00
synthetic_777,8,2024-01-01 01:00:00
synthetic_777,START,2024-01-01 02:00:00
synthetic_777,START,2024-01-01 03:00:00
synthetic_777,6,2024-01-01 04:00:00
synthetic_777,9,2024-01-01 05:00:00
synthetic_777,1,2024-01-01 06:00:00
synthetic_777,2,2024-01-01 07:00:00
synthetic_778,START,2024-01-01 00:00:00
synthetic_778,START,2024-01-01 01:00:00
synthetic_778,START,2024-01-01 02:00:00
synthetic_778,START,2024-01-01 03:00:00
synthetic_778,START,2024-01-01 04:00:00
synthetic_778,START,2024-01-01 05:00:00
synthetic_778,3,2024-01-01 06:00:00
synthetic_778,5,2024-01-01 07:00:00
synthetic_778,START,2024-01-01 08:00:00
synthetic_779,START,2024-01-01 00:00:00
synthetic_779,START,2024-01-01 01:00:00
synthetic_779,6,2024-01-01 02:00:00
synthetic_779,6,2024-01-01 03:00:00
synthetic_779,2,2024-01-01 04:00:00
synthetic_779,5,2024-01-01 05:00:00
synthetic_780,5,2024-01-01 00:00:00
synthetic_780,START,2024-01-01 01:00:00
synthetic_780,1,2024-01-01 02:00:00
synthetic_780,9,2024-01-01 03:00:00
synthetic_780,8,2024-01-01 04:00:00
synthetic_780,4,2024-01-01 05:00:00
synthetic_780,5,2024-01-01 06:00:00
synthetic_781,3,2024-01-01 00:00:00
synthetic_781,START,2024-01-01 01:00:00
synthetic_781,START,2024-01-01 02:00:00
synthetic_781,9,2024-01-01 03:00:00
synthetic_781,START,2024-01-01 04:00:00
synthetic_781,4,2024-01-01 05:00:00
synthetic_781,START,2024-01-01 06:00:00
synthetic_781,5,2024-01-01 07:00:00
synthetic_782,START,2024-01-01 00:00:00
synthetic_782,START,2024-01-01 01:00:00
synthetic_782,9,2024-01-01 02:00:00
synthetic_782,START,2024-01-01 03:00:00
synthetic_782,START,2024-01-01 04:00:00
synthetic_782,1,2024-01-01 05:00:00
synthetic_782,6,2024-01-01 06:00:00
synthetic_782,4,2024-01-01 07:00:00
synthetic_783,START,2024-01-01 00:00:00
synthetic_783,START,2024-01-01 01:00:00
synthetic_783,START,2024-01-01 02:00:00
synthetic_783,8,2024-01-01 03:00:00
synthetic_783,START,2024-01-01 04:00:00
synthetic_783,2,2024-01-01 05:00:00
synthetic_783,9,2024-01-01 06:00:00
synthetic_784,START,2024-01-01 00:00:00
synthetic_784,START,2024-01-01 01:00:00
synthetic_784,START,2024-01-01 02:00:00
synthetic_784,5,2024-01-01 03:00:00
synthetic_784,START,2024-01-01 04:00:00
synthetic_784,1,2024-01-01 05:00:00
synthetic_784,2,2024-01-01 06:00:00
synthetic_784,START,2024-01-01 07:00:00
synthetic_784,3,2024-01-01 08:00:00
synthetic_785,START,2024-01-01 00:00:00
synthetic_785,3,2024-01-01 01:00:00
synthetic_785,START,2024-01-01 02:00:00
synthetic_785,START,2024-01-01 03:00:00
synthetic_785,START,2024-01-01 04:00:00
synthetic_785,START,2024-01-01 05:00:00
synthetic_785,START,2024-01-01 06:00:00
synthetic_785,START,2024-01-01 07:00:00
synthetic_785,START,2024-01-01 08:00:00
synthetic_785,3,2024-01-01 09:00:00
synthetic_786,START,2024-01-01 00:00:00
synthetic_786,1,2024-01-01 01:00:00
synthetic_787,6,2024-01-01 00:00:00
synthetic_787,1,2024-01-01 01:00:00
synthetic_787,START,2024-01-01 02:00:00
synthetic_787,7,2024-01-01 03:00:00
synthetic_787,6,2024-01-01 04:00:00
synthetic_787,7,2024-01-01 05:00:00
synthetic_787,1,2024-01-01 06:00:00
synthetic_787,START,2024-01-01 07:00:00
synthetic_787,2,2024-01-01 08:00:00
synthetic_787,START,2024-01-01 09:00:00
synthetic_788,START,2024-01-01 00:00:00
synthetic_788,6,2024-01-01 01:00:00
synthetic_788,2,2024-01-01 02:00:00
synthetic_788,START,2024-01-01 03:00:00
synthetic_788,START,2024-01-01 04:00:00
synthetic_788,6,2024-01-01 05:00:00
synthetic_788,2,2024-01-01 06:00:00
synthetic_788,4,2024-01-01 07:00:00
synthetic_789,START,2024-01-01 00:00:00
synthetic_789,START,2024-01-01 01:00:00
synthetic_789,START,2024-01-01 02:00:00
synthetic_789,5,2024-01-01 03:00:00
synthetic_789,6,2024-01-01 04:00:00
synthetic_790,START,2024-01-01 00:00:00
synthetic_790,START,2024-01-01 01:00:00
synthetic_790,START,2024-01-01 02:00:00
synthetic_790,START,2024-01-01 03:00:00
synthetic_790,9,2024-01-01 04:00:00
synthetic_790,START,2024-01-01 05:00:00
synthetic_791,1,2024-01-01 00:00:00
synthetic_791,6,2024-01-01 01:00:00
synthetic_791,START,2024-01-01 02:00:00
synthetic_791,6,2024-01-01 03:00:00
synthetic_791,4,2024-01-01 04:00:00
synthetic_791,1,2024-01-01 05:00:00
synthetic_791,4,2024-01-01 06:00:00
synthetic_792,START,2024-01-01 00:00:00
synthetic_792,START,2024-01-01 01:00:00
synthetic_792,START,2024-01-01 02:00:00
synthetic_792,START,2024-01-01 03:00:00
synthetic_792,START,2024-01-01 04:00:00
synthetic_792,6,2024-01-01 05:00:00
synthetic_792,3,2024-01-01 06:00:00
synthetic_793,START,2024-01-01 00:00:00
synthetic_793,START,2024-01-01 01:00:00
synthetic_793,START,2024-01-01 02:00:00
synthetic_793,START,2024-01-01 03:00:00
synthetic_793,START,2024-01-01 04:00:00
synthetic_793,3,2024-01-01 05:00:00
synthetic_794,START,2024-01-01 00:00:00
synthetic_794,START,2024-01-01 01:00:00
synthetic_794,4,2024-01-01 02:00:00
synthetic_794,1,2024-01-01 03:00:00
synthetic_794,1,2024-01-01 04:00:00
synthetic_794,9,2024-01-01 05:00:00
synthetic_795,START,2024-01-01 00:00:00
synthetic_795,START,2024-01-01 01:00:00
synthetic_795,START,2024-01-01 02:00:00
synthetic_795,1,2024-01-01 03:00:00
synthetic_795,START,2024-01-01 04:00:00
synthetic_795,5,2024-01-01 05:00:00
synthetic_795,START,2024-01-01 06:00:00
synthetic_795,5,2024-01-01 07:00:00
synthetic_796,START,2024-01-01 00:00:00
synthetic_796,START,2024-01-01 01:00:00
synthetic_796,START,2024-01-01 02:00:00
synthetic_796,3,2024-01-01 03:00:00
synthetic_796,3,2024-01-01 04:00:00
synthetic_796,START,2024-01-01 05:00:00
synthetic_797,START,2024-01-01 00:00:00
synthetic_797,START,2024-01-01 01:00:00
synthetic_797,START,2024-01-01 02:00:00
synthetic_797,START,2024-01-01 03:00:00
synthetic_797,3,2024-01-01 04:00:00
synthetic_798,START,2024-01-01 00:00:00
synthetic_798,START,2024-01-01 01:00:00
synthetic_798,START,2024-01-01 02:00:00
synthetic_798,3,2024-01-01 03:00:00
synthetic_798,START,2024-01-01 04:00:00
synthetic_798,4,2024-01-01 05:00:00
synthetic_798,START,2024-01-01 06:00:00
synthetic_799,START,2024-01-01 00:00:00
synthetic_799,1,2024-01-01 01:00:00
synthetic_799,START,2024-01-01 02:00:00
synthetic_799,2,2024-01-01 03:00:00
synthetic_799,1,2024-01-01 04:00:00
synthetic_799,5,2024-01-01 05:00:00
synthetic_799,1,2024-01-01 06:00:00
synthetic_800,START,2024-01-01 00:00:00
synthetic_800,START,2024-01-01 01:00:00
synthetic_800,START,2024-01-01 02:00:00
synthetic_800,START,2024-01-01 03:00:00
synthetic_800,3,2024-01-01 04:00:00
synthetic_800,6,2024-01-01 05:00:00
synthetic_800,START,2024-01-01 06:00:00
synthetic_801,START,2024-01-01 00:00:00
synthetic_801,START,2024-01-01 01:00:00
synthetic_801,START,2024-01-01 02:00:00
synthetic_801,1,2024-01-01 03:00:00
synthetic_801,START,2024-01-01 04:00:00
synthetic_801,1,2024-01-01 05:00:00
synthetic_802,START,2024-01-01 00:00:00
synthetic_802,START,2024-01-01 01:00:00
synthetic_802,START,2024-01-01 02:00:00
synthetic_802,3,2024-01-01 03:00:00
synthetic_802,1,2024-01-01 04:00:00
synthetic_803,START,2024-01-01 00:00:00
synthetic_803,START,2024-01-01 01:00:00
synthetic_803,START,2024-01-01 02:00:00
synthetic_803,START,2024-01-01 03:00:00
synthetic_803,8,2024-01-01 04:00:00
synthetic_803,2,2024-01-01 05:00:00
synthetic_803,5,2024-01-01 06:00:00
synthetic_803,7,2024-01-01 07:00:00
synthetic_804,START,2024-01-01 00:00:00
synthetic_804,START,2024-01-01 01:00:00
synthetic_804,START,2024-01-01 02:00:00
synthetic_804,2,2024-01-01 03:00:00
synthetic_804,START,2024-01-01 04:00:00
synthetic_804,2,2024-01-01 05:00:00
synthetic_805,START,2024-01-01 00:00:00
synthetic_805,START,2024-01-01 01:00:00
synthetic_805,5,2024-01-01 02:00:00
synthetic_805,5,2024-01-01 03:00:00
synthetic_805,5,2024-01-01 04:00:00
synthetic_806,START,2024-01-01 00:00:00
synthetic_806,START,2024-01-01 01:00:00
synthetic_806,START,2024-01-01 02:00:00
synthetic_806,START,2024-01-01 03:00:00
synthetic_806,START,2024-01-01 04:00:00
synthetic_806,1,2024-01-01 05:00:00
synthetic_806,START,2024-01-01 06:00:00
synthetic_806,START,2024-01-01 07:00:00
synthetic_807,5,2024-01-01 00:00:00
synthetic_807,START,2024-01-01 01:00:00
synthetic_807,2,2024-01-01 02:00:00
synthetic_807,5,2024-01-01 03:00:00
synthetic_807,9,2024-01-01 04:00:00
synthetic_808,START,2024-01-01 00:00:00
synthetic_808,2,2024-01-01 01:00:00
synthetic_808,START,2024-01-01 02:00:00
synthetic_808,6,2024-01-01 03:00:00
synthetic_808,6,2024-01-01 04:00:00
synthetic_808,2,2024-01-01 05:00:00
synthetic_808,2,2024-01-01 06:00:00
synthetic_809,START,2024-01-01 00:00:00
synthetic_809,START,2024-01-01 01:00:00
synthetic_809,START,2024-01-01 02:00:00
synthetic_809,START,2024-01-01 03:00:00
synthetic_809,2,2024-01-01 04:00:00
synthetic_810,START,2024-01-01 00:00:00
synthetic_810,9,2024-01-01 01:00:00
synthetic_810,1,2024-01-01 02:00:00
synthetic_810,1,2024-01-01 03:00:00
synthetic_810,5,2024-01-01 04:00:00
synthetic_811,START,2024-01-01 00:00:00
synthetic_811,START,2024-01-01 01:00:00
synthetic_811,1,2024-01-01 02:00:00
synthetic_811,6,2024-01-01 03:00:00
synthetic_811,1,2024-01-01 04:00:00
synthetic_811,1,2024-01-01 05:00:00
synthetic_811,START,2024-01-01 06:00:00
synthetic_812,START,2024-01-01 00:00:00
synthetic_812,START,2024-01-01 01:00:00
synthetic_812,START,2024-01-01 02:00:00
synthetic_812,START,2024-01-01 03:00:00
synthetic_812,2,2024-01-01 04:00:00
synthetic_813,START,2024-01-01 00:00:00
synthetic_813,START,2024-01-01 01:00:00
synthetic_813,3,2024-01-01 02:00:00
synthetic_813,5,2024-01-01 03:00:00
synthetic_813,5,2024-01-01 04:00:00
synthetic_813,1,2024-01-01 05:00:00
synthetic_813,9,2024-01-01 06:00:00
synthetic_813,6,2024-01-01 07:00:00
synthetic_814,START,2024-01-01 00:00:00
synthetic_814,7,2024-01-01 01:00:00
synthetic_814,START,2024-01-01 02:00:00
synthetic_814,9,2024-01-01 03:00:00
synthetic_814,1,2024-01-01 04:00:00
synthetic_814,START,2024-01-01 05:00:00
synthetic_814,START,2024-01-01 06:00:00
synthetic_815,4,2024-01-01 00:00:00
synthetic_815,START,2024-01-01 01:00:00
synthetic_815,START,2024-01-01 02:00:00
synthetic_815,2,2024-01-01 03:00:00
synthetic_815,START,2024-01-01 04:00:00
synthetic_815,2,2024-01-01 05:00:00
synthetic_816,START,2024-01-01 00:00:00
synthetic_816,START,2024-01-01 01:00:00
synthetic_816,START,2024-01-01 02:00:00
synthetic_816,6,2024-01-01 03:00:00
synthetic_816,START,2024-01-01 04:00:00
synthetic_816,9,2024-01-01 05:00:00
synthetic_816,6,2024-01-01 06:00:00
synthetic_817,START,2024-01-01 00:00:00
synthetic_817,START,2024-01-01 01:00:00
synthetic_817,START,2024-01-01 02:00:00
synthetic_817,9,2024-01-01 03:00:00
synthetic_817,START,2024-01-01 04:00:00
synthetic_817,START,2024-01-01 05:00:00
synthetic_817,2,2024-01-01 06:00:00
synthetic_817,2,2024-01-01 07:00:00
synthetic_817,7,2024-01-01 08:00:00
synthetic_818,START,2024-01-01 00:00:00
synthetic_818,1,2024-01-01 01:00:00
synthetic_818,START,2024-01-01 02:00:00
synthetic_818,6,2024-01-01 03:00:00
synthetic_818,START,2024-01-01 04:00:00
synthetic_818,6,2024-01-01 05:00:00
synthetic_818,START,2024-01-01 06:00:00
synthetic_818,6,2024-01-01 07:00:00
synthetic_819,5,2024-01-01 00:00:00
synthetic_819,1,2024-01-01 01:00:00
synthetic_819,START,2024-01-01 02:00:00
synthetic_819,START,2024-01-01 03:00:00
synthetic_819,START,2024-01-01 04:00:00
synthetic_819,4,2024-01-01 05:00:00
synthetic_819,START,2024-01-01 06:00:00
synthetic_819,3,2024-01-01 07:00:00
synthetic_819,2,2024-01-01 08:00:00
synthetic_820,START,2024-01-01 00:00:00
synthetic_820,1,2024-01-01 01:00:00
synthetic_820,START,2024-01-01 02:00:00
synthetic_820,START,2024-01-01 03:00:00
synthetic_820,START,2024-01-01 04:00:00
synthetic_821,START,2024-01-01 00:00:00
synthetic_821,START,2024-01-01 01:00:00
synthetic_821,7,2024-01-01 02:00:00
synthetic_821,7,2024-01-01 03:00:00
synthetic_821,6,2024-01-01 04:00:00
synthetic_821,START,2024-01-01 05:00:00
synthetic_822,START,2024-01-01 00:00:00
synthetic_822,START,2024-01-01 01:00:00
synthetic_822,6,2024-01-01 02:00:00
synthetic_822,7,2024-01-01 03:00:00
synthetic_822,START,2024-01-01 04:00:00
synthetic_822,2,2024-01-01 05:00:00
synthetic_822,3,2024-01-01 06:00:00
synthetic_822,9,2024-01-01 07:00:00
synthetic_822,1,2024-01-01 08:00:00
synthetic_823,START,2024-01-01 00:00:00
synthetic_823,START,2024-01-01 01:00:00
synthetic_823,START,2024-01-01 02:00:00
synthetic_823,START,2024-01-01 03:00:00
synthetic_823,1,2024-01-01 04:00:00
synthetic_823,2,2024-01-01 05:00:00
synthetic_823,7,2024-01-01 06:00:00
synthetic_823,START,2024-01-01 07:00:00
synthetic_824,START,2024-01-01 00:00:00
synthetic_824,START,2024-01-01 01:00:00
synthetic_824,START,2024-01-01 02:00:00
synthetic_824,START,2024-01-01 03:00:00
synthetic_824,5,2024-01-01 04:00:00
synthetic_824,START,2024-01-01 05:00:00
synthetic_824,1,2024-01-01 06:00:00
synthetic_824,7,2024-01-01 07:00:00
synthetic_824,7,2024-01-01 08:00:00
synthetic_825,START,2024-01-01 00:00:00
synthetic_825,3,2024-01-01 01:00:00
synthetic_825,3,2024-01-01 02:00:00
synthetic_825,START,2024-01-01 03:00:00
synthetic_825,2,2024-01-01 04:00:00
synthetic_825,START,2024-01-01 05:00:00
synthetic_825,6,2024-01-01 06:00:00
synthetic_825,7,2024-01-01 07:00:00
synthetic_826,START,2024-01-01 00:00:00
synthetic_826,START,2024-01-01 01:00:00
synthetic_826,START,2024-01-01 02:00:00
synthetic_826,9,2024-01-01 03:00:00
synthetic_826,START,2024-01-01 04:00:00
synthetic_826,5,2024-01-01 05:00:00
synthetic_826,6,2024-01-01 06:00:00
synthetic_826,3,2024-01-01 07:00:00
synthetic_827,START,2024-01-01 00:00:00
synthetic_827,START,2024-01-01 01:00:00
synthetic_827,START,2024-01-01 02:00:00
synthetic_827,4,2024-01-01 03:00:00
synthetic_827,9,2024-01-01 04:00:00
synthetic_827,6,2024-01-01 05:00:00
synthetic_827,3,2024-01-01 06:00:00
synthetic_827,2,2024-01-01 07:00:00
synthetic_828,START,2024-01-01 00:00:00
synthetic_828,5,2024-01-01 01:00:00
synthetic_828,START,2024-01-01 02:00:00
synthetic_828,START,2024-01-01 03:00:00
synthetic_828,5,2024-01-01 04:00:00
synthetic_828,6,2024-01-01 05:00:00
synthetic_828,9,2024-01-01 06:00:00
synthetic_829,START,2024-01-01 00:00:00
synthetic_829,2,2024-01-01 01:00:00
synthetic_829,START,2024-01-01 02:00:00
synthetic_829,3,2024-01-01 03:00:00
synthetic_829,START,2024-01-01 04:00:00
synthetic_829,START,2024-01-01 05:00:00
synthetic_829,6,2024-01-01 06:00:00
synthetic_829,6,2024-01-01 07:00:00
synthetic_829,9,2024-01-01 08:00:00
synthetic_829,6,2024-01-01 09:00:00
synthetic_829,1,2024-01-01 10:00:00
synthetic_830,START,2024-01-01 00:00:00
synthetic_830,START,2024-01-01 01:00:00
synthetic_830,START,2024-01-01 02:00:00
synthetic_830,START,2024-01-01 03:00:00
synthetic_830,9,2024-01-01 04:00:00
synthetic_830,9,2024-01-01 05:00:00
synthetic_830,1,2024-01-01 06:00:00
synthetic_830,1,2024-01-01 07:00:00
synthetic_830,8,2024-01-01 08:00:00
synthetic_831,1,2024-01-01 00:00:00
synthetic_831,START,2024-01-01 01:00:00
synthetic_831,START,2024-01-01 02:00:00
synthetic_831,START,2024-01-01 03:00:00
synthetic_831,START,2024-01-01 04:00:00
synthetic_831,START,2024-01-01 05:00:00
synthetic_831,8,2024-01-01 06:00:00
synthetic_831,START,2024-01-01 07:00:00
synthetic_832,START,2024-01-01 00:00:00
synthetic_832,START,2024-01-01 01:00:00
synthetic_832,6,2024-01-01 02:00:00
synthetic_832,START,2024-01-01 03:00:00
synthetic_832,START,2024-01-01 04:00:00
synthetic_832,5,2024-01-01 05:00:00
synthetic_832,6,2024-01-01 06:00:00
synthetic_832,2,2024-01-01 07:00:00
synthetic_833,START,2024-01-01 00:00:00
synthetic_833,START,2024-01-01 01:00:00
synthetic_833,1,2024-01-01 02:00:00
synthetic_833,START,2024-01-01 03:00:00
synthetic_833,5,2024-01-01 04:00:00
synthetic_833,5,2024-01-01 05:00:00
synthetic_834,START,2024-01-01 00:00:00
synthetic_834,START,2024-01-01 01:00:00
synthetic_834,START,2024-01-01 02:00:00
synthetic_834,START,2024-01-01 03:00:00
synthetic_834,START,2024-01-01 04:00:00
synthetic_834,3,2024-01-01 05:00:00
synthetic_834,START,2024-01-01 06:00:00
synthetic_835,START,2024-01-01 00:00:00
synthetic_835,START,2024-01-01 01:00:00
synthetic_835,1,2024-01-01 02:00:00
synthetic_835,START,2024-01-01 03:00:00
synthetic_835,9,2024-01-01 04:00:00
synthetic_835,START,2024-01-01 05:00:00
synthetic_835,9,2024-01-01 06:00:00
synthetic_836,START,2024-01-01 00:00:00
synthetic_836,1,2024-01-01 01:00:00
synthetic_836,5,2024-01-01 02:00:00
synthetic_836,START,2024-01-01 03:00:00
synthetic_837,START,2024-01-01 00:00:00
synthetic_837,START,2024-01-01 01:00:00
synthetic_837,START,2024-01-01 02:00:00
synthetic_837,3,2024-01-01 03:00:00
synthetic_837,START,2024-01-01 04:00:00
synthetic_837,6,2024-01-01 05:00:00
synthetic_838,START,2024-01-01 00:00:00
synthetic_838,START,2024-01-01 01:00:00
synthetic_838,3,2024-01-01 02:00:00
synthetic_838,3,2024-01-01 03:00:00
synthetic_838,7,2024-01-01 04:00:00
synthetic_838,7,2024-01-01 05:00:00
synthetic_838,5,2024-01-01 06:00:00
synthetic_838,1,2024-01-01 07:00:00
synthetic_838,2,2024-01-01 08:00:00
synthetic_839,START,2024-01-01 00:00:00
synthetic_839,START,2024-01-01 01:00:00
synthetic_839,4,2024-01-01 02:00:00
synthetic_839,1,2024-01-01 03:00:00
synthetic_839,START,2024-01-01 04:00:00
synthetic_839,1,2024-01-01 05:00:00
synthetic_840,START,2024-01-01 00:00:00
synthetic_840,1,2024-01-01 01:00:00
synthetic_840,START,2024-01-01 02:00:00
synthetic_840,START,2024-01-01 03:00:00
synthetic_840,START,2024-01-01 04:00:00
synthetic_840,8,2024-01-01 05:00:00
synthetic_840,5,2024-01-01 06:00:00
synthetic_840,1,2024-01-01 07:00:00
synthetic_840,7,2024-01-01 08:00:00
synthetic_840,7,2024-01-01 09:00:00
synthetic_840,5,2024-01-01 10:00:00
synthetic_841,START,2024-01-01 00:00:00
synthetic_841,7,2024-01-01 01:00:00
synthetic_841,8,2024-01-01 02:00:00
synthetic_841,START,2024-01-01 03:00:00
synthetic_842,START,2024-01-01 00:00:00
synthetic_842,START,2024-01-01 01:00:00
synthetic_842,START,2024-01-01 02:00:00
synthetic_842,START,2024-01-01 03:00:00
synthetic_842,START,2024-01-01 04:00:00
synthetic_843,START,2024-01-01 00:00:00
synthetic_843,START,2024-01-01 01:00:00
synthetic_843,3,2024-01-01 02:00:00
synthetic_843,2,2024-01-01 03:00:00
synthetic_843,START,2024-01-01 04:00:00
synthetic_844,START,2024-01-01 00:00:00
synthetic_844,8,2024-01-01 01:00:00
synthetic_844,1,2024-01-01 02:00:00
synthetic_844,6,2024-01-01 03:00:00
synthetic_844,START,2024-01-01 04:00:00
synthetic_844,START,2024-01-01 05:00:00
synthetic_844,7,2024-01-01 06:00:00
synthetic_844,9,2024-01-01 07:00:00
synthetic_844,3,2024-01-01 08:00:00
synthetic_845,START,2024-01-01 00:00:00
synthetic_845,START,2024-01-01 01:00:00
synthetic_845,START,2024-01-01 02:00:00
synthetic_845,4,2024-01-01 03:00:00
synthetic_845,6,2024-01-01 04:00:00
synthetic_845,START,2024-01-01 05:00:00
synthetic_845,1,2024-01-01 06:00:00
synthetic_845,START,2024-01-01 07:00:00
synthetic_846,START,2024-01-01 00:00:00
synthetic_846,START,2024-01-01 01:00:00
synthetic_846,6,2024-01-01 02:00:00
synthetic_846,START,2024-01-01 03:00:00
synthetic_846,2,2024-01-01 04:00:00
synthetic_846,7,2024-01-01 05:00:00
synthetic_846,9,2024-01-01 06:00:00
synthetic_846,7,2024-01-01 07:00:00
synthetic_846,2,2024-01-01 08:00:00
synthetic_847,START,2024-01-01 00:00:00
synthetic_847,START,2024-01-01 01:00:00
synthetic_847,START,2024-01-01 02:00:00
synthetic_847,START,2024-01-01 03:00:00
synthetic_847,9,2024-01-01 04:00:00
synthetic_847,1,2024-01-01 05:00:00
synthetic_847,9,2024-01-01 06:00:00
synthetic_848,START,2024-01-01 00:00:00
synthetic_848,START,2024-01-01 01:00:00
synthetic_848,4,2024-01-01 02:00:00
synthetic_848,2,2024-01-01 03:00:00
synthetic_848,5,2024-01-01 04:00:00
synthetic_848,3,2024-01-01 05:00:00
synthetic_848,START,2024-01-01 06:00:00
synthetic_849,2,2024-01-01 00:00:00
synthetic_849,4,2024-01-01 01:00:00
synthetic_849,START,2024-01-01 02:00:00
synthetic_849,2,2024-01-01 03:00:00
synthetic_849,START,2024-01-01 04:00:00
synthetic_849,START,2024-01-01 05:00:00
synthetic_849,START,2024-01-01 06:00:00
synthetic_849,3,2024-01-01 07:00:00
synthetic_850,START,2024-01-01 00:00:00
synthetic_850,START,2024-01-01 01:00:00
synthetic_850,5,2024-01-01 02:00:00
synthetic_850,START,2024-01-01 03:00:00
synthetic_850,7,2024-01-01 04:00:00
synthetic_851,START,2024-01-01 00:00:00
synthetic_851,4,2024-01-01 01:00:00
synthetic_851,START,2024-01-01 02:00:00
synthetic_851,START,2024-01-01 03:00:00
synthetic_851,5,2024-01-01 04:00:00
synthetic_851,6,2024-01-01 05:00:00
synthetic_852,START,2024-01-01 00:00:00
synthetic_852,START,2024-01-01 01:00:00
synthetic_852,START,2024-01-01 02:00:00
synthetic_852,START,2024-01-01 03:00:00
synthetic_852,2,2024-01-01 04:00:00
synthetic_852,3,2024-01-01 05:00:00
synthetic_852,2,2024-01-01 06:00:00
synthetic_853,START,2024-01-01 00:00:00
synthetic_853,START,2024-01-01 01:00:00
synthetic_853,3,2024-01-01 02:00:00
synthetic_853,9,2024-01-01 03:00:00
synthetic_853,2,2024-01-01 04:00:00
synthetic_854,START,2024-01-01 00:00:00
synthetic_854,START,2024-01-01 01:00:00
synthetic_854,START,2024-01-01 02:00:00
synthetic_854,9,2024-01-01 03:00:00
synthetic_854,1,2024-01-01 04:00:00
synthetic_855,START,2024-01-01 00:00:00
synthetic_855,START,2024-01-01 01:00:00
synthetic_855,START,2024-01-01 02:00:00
synthetic_855,START,2024-01-01 03:00:00
synthetic_855,6,2024-01-01 04:00:00
synthetic_855,START,2024-01-01 05:00:00
synthetic_856,START,2024-01-01 00:00:00
synthetic_856,START,2024-01-01 01:00:00
synthetic_856,1,2024-01-01 02:00:00
synthetic_856,9,2024-01-01 03:00:00
synthetic_856,7,2024-01-01 04:00:00
synthetic_856,START,2024-01-01 05:00:00
synthetic_856,6,2024-01-01 06:00:00
synthetic_856,5,2024-01-01 07:00:00
synthetic_857,START,2024-01-01 00:00:00
synthetic_857,9,2024-01-01 01:00:00
synthetic_857,START,2024-01-01 02:00:00
synthetic_857,2,2024-01-01 03:00:00
synthetic_857,1,2024-01-01 04:00:00
synthetic_858,START,2024-01-01 00:00:00
synthetic_858,8,2024-01-01 01:00:00
synthetic_858,START,2024-01-01 02:00:00
synthetic_858,START,2024-01-01 03:00:00
synthetic_858,1,2024-01-01 04:00:00
synthetic_858,START,2024-01-01 05:00:00
synthetic_858,2,2024-01-01 06:00:00
synthetic_858,3,2024-01-01 07:00:00
synthetic_858,2,2024-01-01 08:00:00
synthetic_859,2,2024-01-01 00:00:00
synthetic_859,9,2024-01-01 01:00:00
synthetic_859,START,2024-01-01 02:00:00
synthetic_859,1,2024-01-01 03:00:00
synthetic_859,START,2024-01-01 04:00:00
synthetic_859,START,2024-01-01 05:00:00
synthetic_859,START,2024-01-01 06:00:00
synthetic_859,3,2024-01-01 07:00:00
synthetic_860,START,2024-01-01 00:00:00
synthetic_860,START,2024-01-01 01:00:00
synthetic_860,START,2024-01-01 02:00:00
synthetic_860,5,2024-01-01 03:00:00
synthetic_860,7,2024-01-01 04:00:00
synthetic_860,1,2024-01-01 05:00:00
synthetic_861,START,2024-01-01 00:00:00
synthetic_861,START,2024-01-01 01:00:00
synthetic_861,START,2024-01-01 02:00:00
synthetic_861,START,2024-01-01 03:00:00
synthetic_861,START,2024-01-01 04:00:00
synthetic_861,6,2024-01-01 05:00:00
synthetic_861,9,2024-01-01 06:00:00
synthetic_862,START,2024-01-01 00:00:00
synthetic_862,START,2024-01-01 01:00:00
synthetic_862,START,2024-01-01 02:00:00
synthetic_862,1,2024-01-01 03:00:00
synthetic_862,1,2024-01-01 04:00:00
synthetic_862,2,2024-01-01 05:00:00
synthetic_862,1,2024-01-01 06:00:00
synthetic_863,START,2024-01-01 00:00:00
synthetic_863,START,2024-01-01 01:00:00
synthetic_863,START,2024-01-01 02:00:00
synthetic_863,9,2024-01-01 03:00:00
synthetic_863,1,2024-01-01 04:00:00
synthetic_863,START,2024-01-01 05:00:00
synthetic_863,3,2024-01-01 06:00:00
synthetic_863,5,2024-01-01 07:00:00
synthetic_864,START,2024-01-01 00:00:00
synthetic_864,START,2024-01-01 01:00:00
synthetic_864,START,2024-01-01 02:00:00
synthetic_864,START,2024-01-01 03:00:00
synthetic_864,START,2024-01-01 04:00:00
synthetic_864,START,2024-01-01 05:00:00
synthetic_864,START,2024-01-01 06:00:00
synthetic_864,4,2024-01-01 07:00:00
synthetic_865,START,2024-01-01 00:00:00
synthetic_865,START,2024-01-01 01:00:00
synthetic_865,6,2024-01-01 02:00:00
synthetic_866,START,2024-01-01 00:00:00
synthetic_866,START,2024-01-01 01:00:00
synthetic_866,START,2024-01-01 02:00:00
synthetic_866,START,2024-01-01 03:00:00
synthetic_866,START,2024-01-01 04:00:00
synthetic_866,8,2024-01-01 05:00:00
synthetic_866,1,2024-01-01 06:00:00
synthetic_866,START,2024-01-01 07:00:00
synthetic_866,1,2024-01-01 08:00:00
synthetic_867,START,2024-01-01 00:00:00
synthetic_867,START,2024-01-01 01:00:00
synthetic_867,START,2024-01-01 02:00:00
synthetic_867,START,2024-01-01 03:00:00
synthetic_867,9,2024-01-01 04:00:00
synthetic_867,START,2024-01-01 05:00:00
synthetic_867,START,2024-01-01 06:00:00
synthetic_867,7,2024-01-01 07:00:00
synthetic_868,START,2024-01-01 00:00:00
synthetic_868,5,2024-01-01 01:00:00
synthetic_868,START,2024-01-01 02:00:00
synthetic_868,1,2024-01-01 03:00:00
synthetic_868,3,2024-01-01 04:00:00
synthetic_868,3,2024-01-01 05:00:00
synthetic_868,9,2024-01-01 06:00:00
synthetic_869,START,2024-01-01 00:00:00
synthetic_869,9,2024-01-01 01:00:00
synthetic_869,3,2024-01-01 02:00:00
synthetic_870,START,2024-01-01 00:00:00
synthetic_870,1,2024-01-01 01:00:00
synthetic_870,START,2024-01-01 02:00:00
synthetic_870,7,2024-01-01 03:00:00
synthetic_870,START,2024-01-01 04:00:00
synthetic_871,START,2024-01-01 00:00:00
synthetic_871,6,2024-01-01 01:00:00
synthetic_871,START,2024-01-01 02:00:00
synthetic_871,START,2024-01-01 03:00:00
synthetic_871,2,2024-01-01 04:00:00
synthetic_871,3,2024-01-01 05:00:00
synthetic_872,START,2024-01-01 00:00:00
synthetic_872,6,2024-01-01 01:00:00
synthetic_872,START,2024-01-01 02:00:00
synthetic_872,2,2024-01-01 03:00:00
synthetic_872,3,2024-01-01 04:00:00
synthetic_872,2,2024-01-01 05:00:00
synthetic_872,START,2024-01-01 06:00:00
synthetic_872,2,2024-01-01 07:00:00
synthetic_873,START,2024-01-01 00:00:00
synthetic_873,7,2024-01-01 01:00:00
synthetic_873,START,2024-01-01 02:00:00
synthetic_873,START,2024-01-01 03:00:00
synthetic_873,START,2024-01-01 04:00:00
synthetic_873,6,2024-01-01 05:00:00
synthetic_873,START,2024-01-01 06:00:00
synthetic_873,START,2024-01-01 07:00:00
synthetic_873,6,2024-01-01 08:00:00
synthetic_874,START,2024-01-01 00:00:00
synthetic_874,START,2024-01-01 01:00:00
synthetic_874,START,2024-01-01 02:00:00
synthetic_874,2,2024-01-01 03:00:00
synthetic_874,START,2024-01-01 04:00:00
synthetic_874,START,2024-01-01 05:00:00
synthetic_875,START,2024-01-01 00:00:00
synthetic_875,START,2024-01-01 01:00:00
synthetic_875,START,2024-01-01 02:00:00
synthetic_875,7,2024-01-01 03:00:00
synthetic_875,START,2024-01-01 04:00:00
synthetic_875,6,2024-01-01 05:00:00
synthetic_875,START,2024-01-01 06:00:00
synthetic_876,START,2024-01-01 00:00:00
synthetic_876,START,2024-01-01 01:00:00
synthetic_876,START,2024-01-01 02:00:00
synthetic_876,3,2024-01-01 03:00:00
synthetic_876,6,2024-01-01 04:00:00
synthetic_876,START,2024-01-01 05:00:00
synthetic_876,5,2024-01-01 06:00:00
synthetic_876,6,2024-01-01 07:00:00
synthetic_876,5,2024-01-01 08:00:00
synthetic_877,1,2024-01-01 00:00:00
synthetic_877,6,2024-01-01 01:00:00
synthetic_877,START,2024-01-01 02:00:00
synthetic_877,7,2024-01-01 03:00:00
synthetic_877,1,2024-01-01 04:00:00
synthetic_877,3,2024-01-01 05:00:00
synthetic_877,3,2024-01-01 06:00:00
synthetic_877,9,2024-01-01 07:00:00
synthetic_878,START,2024-01-01 00:00:00
synthetic_878,START,2024-01-01 01:00:00
synthetic_878,START,2024-01-01 02:00:00
synthetic_878,START,2024-01-01 03:00:00
synthetic_878,START,2024-01-01 04:00:00
synthetic_878,5,2024-01-01 05:00:00
synthetic_878,5,2024-01-01 06:00:00
synthetic_878,START,2024-01-01 07:00:00
synthetic_878,1,2024-01-01 08:00:00
synthetic_879,START,2024-01-01 00:00:00
synthetic_879,START,2024-01-01 01:00:00
synthetic_879,8,2024-01-01 02:00:00
synthetic_879,START,2024-01-01 03:00:00
synthetic_879,1,2024-01-01 04:00:00
synthetic_879,START,2024-01-01 05:00:00
synthetic_879,6,2024-01-01 06:00:00
synthetic_880,START,2024-01-01 00:00:00
synthetic_880,START,2024-01-01 01:00:00
synthetic_880,START,2024-01-01 02:00:00
synthetic_880,START,2024-01-01 03:00:00
synthetic_880,START,2024-01-01 04:00:00
synthetic_880,1,2024-01-01 05:00:00
synthetic_880,3,2024-01-01 06:00:00
synthetic_881,START,2024-01-01 00:00:00
synthetic_881,START,2024-01-01 01:00:00
synthetic_881,START,2024-01-01 02:00:00
synthetic_881,6,2024-01-01 03:00:00
synthetic_881,START,2024-01-01 04:00:00
synthetic_881,5,2024-01-01 05:00:00
synthetic_881,6,2024-01-01 06:00:00
synthetic_881,8,2024-01-01 07:00:00
synthetic_882,START,2024-01-01 00:00:00
synthetic_882,START,2024-01-01 01:00:00
synthetic_882,6,2024-01-01 02:00:00
synthetic_882,6,2024-01-01 03:00:00
synthetic_882,START,2024-01-01 04:00:00
synthetic_882,START,2024-01-01 05:00:00
synthetic_883,START,2024-01-01 00:00:00
synthetic_883,5,2024-01-01 01:00:00
synthetic_883,START,2024-01-01 02:00:00
synthetic_883,1,2024-01-01 03:00:00
synthetic_883,4,2024-01-01 04:00:00
synthetic_884,START,2024-01-01 00:00:00
synthetic_884,1,2024-01-01 01:00:00
synthetic_884,START,2024-01-01 02:00:00
synthetic_884,START,2024-01-01 03:00:00
synthetic_884,START,2024-01-01 04:00:00
synthetic_884,6,2024-01-01 05:00:00
synthetic_884,START,2024-01-01 06:00:00
synthetic_885,START,2024-01-01 00:00:00
synthetic_885,START,2024-01-01 01:00:00
synthetic_885,START,2024-01-01 02:00:00
synthetic_885,1,2024-01-01 03:00:00
synthetic_885,1,2024-01-01 04:00:00
synthetic_886,START,2024-01-01 00:00:00
synthetic_886,START,2024-01-01 01:00:00
synthetic_886,START,2024-01-01 02:00:00
synthetic_886,6,2024-01-01 03:00:00
synthetic_886,1,2024-01-01 04:00:00
synthetic_886,2,2024-01-01 05:00:00
synthetic_887,START,2024-01-01 00:00:00
synthetic_887,START,2024-01-01 01:00:00
synthetic_887,4,2024-01-01 02:00:00
synthetic_887,START,2024-01-01 03:00:00
synthetic_888,START,2024-01-01 00:00:00
synthetic_888,START,2024-01-01 01:00:00
synthetic_888,START,2024-01-01 02:00:00
synthetic_888,START,2024-01-01 03:00:00
synthetic_888,4,2024-01-01 04:00:00
synthetic_888,8,2024-01-01 05:00:00
synthetic_888,1,2024-01-01 06:00:00
synthetic_889,START,2024-01-01 00:00:00
synthetic_889,START,2024-01-01 01:00:00
synthetic_889,START,2024-01-01 02:00:00
synthetic_889,5,2024-01-01 03:00:00
synthetic_889,START,2024-01-01 04:00:00
synthetic_889,START,2024-01-01 05:00:00
synthetic_889,2,2024-01-01 06:00:00
synthetic_889,START,2024-01-01 07:00:00
synthetic_889,4,2024-01-01 08:00:00
synthetic_890,START,2024-01-01 00:00:00
synthetic_890,START,2024-01-01 01:00:00
synthetic_890,START,2024-01-01 02:00:00
synthetic_890,2,2024-01-01 03:00:00
synthetic_890,START,2024-01-01 04:00:00
synthetic_890,1,2024-01-01 05:00:00
synthetic_890,8,2024-01-01 06:00:00
synthetic_890,6,2024-01-01 07:00:00
synthetic_891,START,2024-01-01 00:00:00
synthetic_891,START,2024-01-01 01:00:00
synthetic_891,START,2024-01-01 02:00:00
synthetic_891,6,2024-01-01 03:00:00
synthetic_891,6,2024-01-01 04:00:00
synthetic_891,START,2024-01-01 05:00:00
synthetic_891,1,2024-01-01 06:00:00
synthetic_892,START,2024-01-01 00:00:00
synthetic_892,START,2024-01-01 01:00:00
synthetic_892,START,2024-01-01 02:00:00
synthetic_892,START,2024-01-01 03:00:00
synthetic_892,9,2024-01-01 04:00:00
synthetic_893,START,2024-01-01 00:00:00
synthetic_893,START,2024-01-01 01:00:00
synthetic_893,START,2024-01-01 02:00:00
synthetic_893,START,2024-01-01 03:00:00
synthetic_893,9,2024-01-01 04:00:00
synthetic_893,6,2024-01-01 05:00:00
synthetic_893,5,2024-01-01 06:00:00
synthetic_893,5,2024-01-01 07:00:00
synthetic_894,START,2024-01-01 00:00:00
synthetic_894,START,2024-01-01 01:00:00
synthetic_894,START,2024-01-01 02:00:00
synthetic_894,7,2024-01-01 03:00:00
synthetic_894,5,2024-01-01 04:00:00
synthetic_894,5,2024-01-01 05:00:00
synthetic_894,5,2024-01-01 06:00:00
synthetic_894,6,2024-01-01 07:00:00
synthetic_895,START,2024-01-01 00:00:00
synthetic_895,START,2024-01-01 01:00:00
synthetic_895,START,2024-01-01 02:00:00
synthetic_895,5,2024-01-01 03:00:00
synthetic_895,6,2024-01-01 04:00:00
synthetic_895,START,2024-01-01 05:00:00
synthetic_895,START,2024-01-01 06:00:00
synthetic_896,START,2024-01-01 00:00:00
synthetic_896,START,2024-01-01 01:00:00
synthetic_896,START,2024-01-01 02:00:00
synthetic_896,5,2024-01-01 03:00:00
synthetic_896,1,2024-01-01 04:00:00
synthetic_897,START,2024-01-01 00:00:00
synthetic_897,START,2024-01-01 01:00:00
synthetic_897,START,2024-01-01 02:00:00
synthetic_897,START,2024-01-01 03:00:00
synthetic_897,START,2024-01-01 04:00:00
synthetic_897,START,2024-01-01 05:00:00
synthetic_897,START,2024-01-01 06:00:00
synthetic_897,5,2024-01-01 07:00:00
synthetic_898,START,2024-01-01 00:00:00
synthetic_898,START,2024-01-01 01:00:00
synthetic_898,START,2024-01-01 02:00:00
synthetic_898,START,2024-01-01 03:00:00
synthetic_898,5,2024-01-01 04:00:00
synthetic_898,6,2024-01-01 05:00:00
synthetic_899,START,2024-01-01 00:00:00
synthetic_899,START,2024-01-01 01:00:00
synthetic_899,START,2024-01-01 02:00:00
synthetic_899,2,2024-01-01 03:00:00
synthetic_899,4,2024-01-01 04:00:00
synthetic_899,7,2024-01-01 05:00:00
synthetic_899,1,2024-01-01 06:00:00
synthetic_899,2,2024-01-01 07:00:00
synthetic_900,START,2024-01-01 00:00:00
synthetic_900,START,2024-01-01 01:00:00
synthetic_900,START,2024-01-01 02:00:00
synthetic_900,START,2024-01-01 03:00:00
synthetic_900,1,2024-01-01 04:00:00
synthetic_900,START,2024-01-01 05:00:00
synthetic_901,START,2024-01-01 00:00:00
synthetic_901,START,2024-01-01 01:00:00
synthetic_901,6,2024-01-01 02:00:00
synthetic_901,START,2024-01-01 03:00:00
synthetic_901,START,2024-01-01 04:00:00
synthetic_901,6,2024-01-01 05:00:00
synthetic_901,3,2024-01-01 06:00:00
synthetic_901,3,2024-01-01 07:00:00
synthetic_902,START,2024-01-01 00:00:00
synthetic_902,1,2024-01-01 01:00:00
synthetic_902,START,2024-01-01 02:00:00
synthetic_902,START,2024-01-01 03:00:00
synthetic_902,3,2024-01-01 04:00:00
synthetic_902,2,2024-01-01 05:00:00
synthetic_902,7,2024-01-01 06:00:00
synthetic_902,3,2024-01-01 07:00:00
synthetic_903,START,2024-01-01 00:00:00
synthetic_903,START,2024-01-01 01:00:00
synthetic_903,START,2024-01-01 02:00:00
synthetic_903,1,2024-01-01 03:00:00
synthetic_903,3,2024-01-01 04:00:00
synthetic_903,3,2024-01-01 05:00:00
synthetic_903,5,2024-01-01 06:00:00
synthetic_903,5,2024-01-01 07:00:00
synthetic_904,4,2024-01-01 00:00:00
synthetic_904,START,2024-01-01 01:00:00
synthetic_904,START,2024-01-01 02:00:00
synthetic_904,START,2024-01-01 03:00:00
synthetic_904,START,2024-01-01 04:00:00
synthetic_904,START,2024-01-01 05:00:00
synthetic_904,START,2024-01-01 06:00:00
synthetic_904,1,2024-01-01 07:00:00
synthetic_905,4,2024-01-01 00:00:00
synthetic_905,START,2024-01-01 01:00:00
synthetic_905,START,2024-01-01 02:00:00
synthetic_905,START,2024-01-01 03:00:00
synthetic_905,8,2024-01-01 04:00:00
synthetic_905,2,2024-01-01 05:00:00
synthetic_905,6,2024-01-01 06:00:00
synthetic_905,5,2024-01-01 07:00:00
synthetic_906,START,2024-01-01 00:00:00
synthetic_906,START,2024-01-01 01:00:00
synthetic_906,START,2024-01-01 02:00:00
synthetic_906,START,2024-01-01 03:00:00
synthetic_906,1,2024-01-01 04:00:00
synthetic_906,3,2024-01-01 05:00:00
synthetic_906,START,2024-01-01 06:00:00
synthetic_906,1,2024-01-01 07:00:00
synthetic_907,START,2024-01-01 00:00:00
synthetic_907,START,2024-01-01 01:00:00
synthetic_907,START,2024-01-01 02:00:00
synthetic_907,START,2024-01-01 03:00:00
synthetic_907,START,2024-01-01 04:00:00
synthetic_907,START,2024-01-01 05:00:00
synthetic_907,5,2024-01-01 06:00:00
synthetic_907,START,2024-01-01 07:00:00
synthetic_908,START,2024-01-01 00:00:00
synthetic_908,START,2024-01-01 01:00:00
synthetic_908,START,2024-01-01 02:00:00
synthetic_908,6,2024-01-01 03:00:00
synthetic_908,6,2024-01-01 04:00:00
synthetic_908,9,2024-01-01 05:00:00
synthetic_908,2,2024-01-01 06:00:00
synthetic_909,START,2024-01-01 00:00:00
synthetic_909,9,2024-01-01 01:00:00
synthetic_909,START,2024-01-01 02:00:00
synthetic_909,START,2024-01-01 03:00:00
synthetic_909,3,2024-01-01 04:00:00
synthetic_909,START,2024-01-01 05:00:00
synthetic_910,START,2024-01-01 00:00:00
synthetic_910,START,2024-01-01 01:00:00
synthetic_910,START,2024-01-01 02:00:00
synthetic_910,1,2024-01-01 03:00:00
synthetic_910,9,2024-01-01 04:00:00
synthetic_911,START,2024-01-01 00:00:00
synthetic_911,5,2024-01-01 01:00:00
synthetic_911,START,2024-01-01 02:00:00
synthetic_911,START,2024-01-01 03:00:00
synthetic_911,5,2024-01-01 04:00:00
synthetic_911,START,2024-01-01 05:00:00
synthetic_911,START,2024-01-01 06:00:00
synthetic_912,5,2024-01-01 00:00:00
synthetic_912,START,2024-01-01 01:00:00
synthetic_912,START,2024-01-01 02:00:00
synthetic_912,3,2024-01-01 03:00:00
synthetic_912,2,2024-01-01 04:00:00
synthetic_912,START,2024-01-01 05:00:00
synthetic_912,START,2024-01-01 06:00:00
synthetic_913,START,2024-01-01 00:00:00
synthetic_913,START,2024-01-01 01:00:00
synthetic_913,7,2024-01-01 02:00:00
synthetic_913,5,2024-01-01 03:00:00
synthetic_913,3,2024-01-01 04:00:00
synthetic_913,7,2024-01-01 05:00:00
synthetic_914,START,2024-01-01 00:00:00
synthetic_914,START,2024-01-01 01:00:00
synthetic_914,1,2024-01-01 02:00:00
synthetic_914,1,2024-01-01 03:00:00
synthetic_914,START,2024-01-01 04:00:00
synthetic_914,3,2024-01-01 05:00:00
synthetic_914,8,2024-01-01 06:00:00
synthetic_915,1,2024-01-01 00:00:00
synthetic_915,9,2024-01-01 01:00:00
synthetic_915,START,2024-01-01 02:00:00
synthetic_915,START,2024-01-01 03:00:00
synthetic_915,2,2024-01-01 04:00:00
synthetic_915,3,2024-01-01 05:00:00
synthetic_916,2,2024-01-01 00:00:00
synthetic_916,4,2024-01-01 01:00:00
synthetic_916,2,2024-01-01 02:00:00
synthetic_916,6,2024-01-01 03:00:00
synthetic_916,3,2024-01-01 04:00:00
synthetic_917,START,2024-01-01 00:00:00
synthetic_917,2,2024-01-01 01:00:00
synthetic_917,START,2024-01-01 02:00:00
synthetic_917,START,2024-01-01 03:00:00
synthetic_917,START,2024-01-01 04:00:00
synthetic_917,2,2024-01-01 05:00:00
synthetic_918,START,2024-01-01 00:00:00
synthetic_918,START,2024-01-01 01:00:00
synthetic_918,START,2024-01-01 02:00:00
synthetic_918,3,2024-01-01 03:00:00
synthetic_918,9,2024-01-01 04:00:00
synthetic_918,START,2024-01-01 05:00:00
synthetic_918,START,2024-01-01 06:00:00
synthetic_918,6,2024-01-01 07:00:00
synthetic_918,1,2024-01-01 08:00:00
synthetic_919,3,2024-01-01 00:00:00
synthetic_919,START,2024-01-01 01:00:00
synthetic_919,START,2024-01-01 02:00:00
synthetic_919,2,2024-01-01 03:00:00
synthetic_919,8,2024-01-01 04:00:00
synthetic_919,START,2024-01-01 05:00:00
synthetic_919,6,2024-01-01 06:00:00
synthetic_920,START,2024-01-01 00:00:00
synthetic_920,START,2024-01-01 01:00:00
synthetic_920,START,2024-01-01 02:00:00
synthetic_920,6,2024-01-01 03:00:00
synthetic_920,2,2024-01-01 04:00:00
synthetic_920,5,2024-01-01 05:00:00
synthetic_920,6,2024-01-01 06:00:00
synthetic_920,2,2024-01-01 07:00:00
synthetic_920,9,2024-01-01 08:00:00
synthetic_921,START,2024-01-01 00:00:00
synthetic_921,START,2024-01-01 01:00:00
synthetic_921,START,2024-01-01 02:00:00
synthetic_921,START,2024-01-01 03:00:00
synthetic_921,START,2024-01-01 04:00:00
synthetic_921,START,2024-01-01 05:00:00
synthetic_921,START,2024-01-01 06:00:00
synthetic_922,START,2024-01-01 00:00:00
synthetic_922,START,2024-01-01 01:00:00
synthetic_922,START,2024-01-01 02:00:00
synthetic_922,START,2024-01-01 03:00:00
synthetic_922,START,2024-01-01 04:00:00
synthetic_922,6,2024-01-01 05:00:00
synthetic_922,2,2024-01-01 06:00:00
synthetic_922,3,2024-01-01 07:00:00
synthetic_923,START,2024-01-01 00:00:00
synthetic_923,START,2024-01-01 01:00:00
synthetic_923,1,2024-01-01 02:00:00
synthetic_923,6,2024-01-01 03:00:00
synthetic_923,5,2024-01-01 04:00:00
synthetic_923,2,2024-01-01 05:00:00
synthetic_923,3,2024-01-01 06:00:00
synthetic_923,START,2024-01-01 07:00:00
synthetic_924,9,2024-01-01 00:00:00
synthetic_924,START,2024-01-01 01:00:00
synthetic_924,START,2024-01-01 02:00:00
synthetic_924,6,2024-01-01 03:00:00
synthetic_924,START,2024-01-01 04:00:00
synthetic_924,START,2024-01-01 05:00:00
synthetic_924,1,2024-01-01 06:00:00
synthetic_925,START,2024-01-01 00:00:00
synthetic_925,START,2024-01-01 01:00:00
synthetic_925,START,2024-01-01 02:00:00
synthetic_925,5,2024-01-01 03:00:00
synthetic_926,START,2024-01-01 00:00:00
synthetic_926,1,2024-01-01 01:00:00
synthetic_926,START,2024-01-01 02:00:00
synthetic_926,6,2024-01-01 03:00:00
synthetic_926,4,2024-01-01 04:00:00
synthetic_926,START,2024-01-01 05:00:00
synthetic_926,2,2024-01-01 06:00:00
synthetic_927,START,2024-01-01 00:00:00
synthetic_927,2,2024-01-01 01:00:00
synthetic_927,START,2024-01-01 02:00:00
synthetic_927,START,2024-01-01 03:00:00
synthetic_927,START,2024-01-01 04:00:00
synthetic_927,6,2024-01-01 05:00:00
synthetic_928,START,2024-01-01 00:00:00
synthetic_928,START,2024-01-01 01:00:00
synthetic_928,START,2024-01-01 02:00:00
synthetic_928,START,2024-01-01 03:00:00
synthetic_928,5,2024-01-01 04:00:00
synthetic_928,9,2024-01-01 05:00:00
synthetic_928,3,2024-01-01 06:00:00
synthetic_929,START,2024-01-01 00:00:00
synthetic_929,START,2024-01-01 01:00:00
synthetic_929,START,2024-01-01 02:00:00
synthetic_929,7,2024-01-01 03:00:00
synthetic_929,5,2024-01-01 04:00:00
synthetic_929,5,2024-01-01 05:00:00
synthetic_930,8,2024-01-01 00:00:00
synthetic_930,START,2024-01-01 01:00:00
synthetic_930,START,2024-01-01 02:00:00
synthetic_930,START,2024-01-01 03:00:00
synthetic_930,2,2024-01-01 04:00:00
synthetic_930,6,2024-01-01 05:00:00
synthetic_930,START,2024-01-01 06:00:00
synthetic_930,1,2024-01-01 07:00:00
synthetic_931,START,2024-01-01 00:00:00
synthetic_931,START,2024-01-01 01:00:00
synthetic_931,2,2024-01-01 02:00:00
synthetic_931,START,2024-01-01 03:00:00
synthetic_931,5,2024-01-01 04:00:00
synthetic_931,5,2024-01-01 05:00:00
synthetic_931,START,2024-01-01 06:00:00
synthetic_932,START,2024-01-01 00:00:00
synthetic_932,START,2024-01-01 01:00:00
synthetic_932,1,2024-01-01 02:00:00
synthetic_932,3,2024-01-01 03:00:00
synthetic_932,START,2024-01-01 04:00:00
synthetic_932,2,2024-01-01 05:00:00
synthetic_933,START,2024-01-01 00:00:00
synthetic_933,START,2024-01-01 01:00:00
synthetic_933,START,2024-01-01 02:00:00
synthetic_933,7,2024-01-01 03:00:00
synthetic_933,9,2024-01-01 04:00:00
synthetic_933,START,2024-01-01 05:00:00
synthetic_933,3,2024-01-01 06:00:00
synthetic_933,5,2024-01-01 07:00:00
synthetic_934,START,2024-01-01 00:00:00
synthetic_934,START,2024-01-01 01:00:00
synthetic_934,1,2024-01-01 02:00:00
synthetic_934,START,2024-01-01 03:00:00
synthetic_934,START,2024-01-01 04:00:00
synthetic_934,START,2024-01-01 05:00:00
synthetic_934,1,2024-01-01 06:00:00
synthetic_934,1,2024-01-01 07:00:00
synthetic_934,1,2024-01-01 08:00:00
synthetic_935,7,2024-01-01 00:00:00
synthetic_935,START,2024-01-01 01:00:00
synthetic_935,START,2024-01-01 02:00:00
synthetic_935,START,2024-01-01 03:00:00
synthetic_935,START,2024-01-01 04:00:00
synthetic_935,5,2024-01-01 05:00:00
synthetic_935,1,2024-01-01 06:00:00
synthetic_935,7,2024-01-01 07:00:00
synthetic_936,START,2024-01-01 00:00:00
synthetic_936,START,2024-01-01 01:00:00
synthetic_936,START,2024-01-01 02:00:00
synthetic_936,START,2024-01-01 03:00:00
synthetic_936,5,2024-01-01 04:00:00
synthetic_936,1,2024-01-01 05:00:00
synthetic_936,3,2024-01-01 06:00:00
synthetic_936,START,2024-01-01 07:00:00
synthetic_936,6,2024-01-01 08:00:00
synthetic_936,5,2024-01-01 09:00:00
synthetic_937,START,2024-01-01 00:00:00
synthetic_937,START,2024-01-01 01:00:00
synthetic_937,8,2024-01-01 02:00:00
synthetic_937,1,2024-01-01 03:00:00
synthetic_937,2,2024-01-01 04:00:00
synthetic_937,START,2024-01-01 05:00:00
synthetic_937,5,2024-01-01 06:00:00
synthetic_938,START,2024-01-01 00:00:00
synthetic_938,START,2024-01-01 01:00:00
synthetic_939,START,2024-01-01 00:00:00
synthetic_939,START,2024-01-01 01:00:00
synthetic_939,START,2024-01-01 02:00:00
synthetic_939,START,2024-01-01 03:00:00
synthetic_939,START,2024-01-01 04:00:00
synthetic_939,START,2024-01-01 05:00:00
synthetic_940,START,2024-01-01 00:00:00
synthetic_940,START,2024-01-01 01:00:00
synthetic_940,START,2024-01-01 02:00:00
synthetic_940,5,2024-01-01 03:00:00
synthetic_940,START,2024-01-01 04:00:00
synthetic_941,START,2024-01-01 00:00:00
synthetic_941,START,2024-01-01 01:00:00
synthetic_941,START,2024-01-01 02:00:00
synthetic_941,START,2024-01-01 03:00:00
synthetic_941,2,2024-01-01 04:00:00
synthetic_941,1,2024-01-01 05:00:00
synthetic_942,START,2024-01-01 00:00:00
synthetic_942,START,2024-01-01 01:00:00
synthetic_942,1,2024-01-01 02:00:00
synthetic_942,START,2024-01-01 03:00:00
synthetic_942,START,2024-01-01 04:00:00
synthetic_942,6,2024-01-01 05:00:00
synthetic_943,START,2024-01-01 00:00:00
synthetic_943,1,2024-01-01 01:00:00
synthetic_943,2,2024-01-01 02:00:00
synthetic_944,START,2024-01-01 00:00:00
synthetic_944,1,2024-01-01 01:00:00
synthetic_944,START,2024-01-01 02:00:00
synthetic_944,7,2024-01-01 03:00:00
synthetic_945,START,2024-01-01 00:00:00
synthetic_945,START,2024-01-01 01:00:00
synthetic_945,START,2024-01-01 02:00:00
synthetic_945,START,2024-01-01 03:00:00
synthetic_945,9,2024-01-01 04:00:00
synthetic_945,6,2024-01-01 05:00:00
synthetic_946,START,2024-01-01 00:00:00
synthetic_946,2,2024-01-01 01:00:00
synthetic_946,2,2024-01-01 02:00:00
synthetic_946,START,2024-01-01 03:00:00
synthetic_946,1,2024-01-01 04:00:00
synthetic_946,7,2024-01-01 05:00:00
synthetic_946,2,2024-01-01 06:00:00
synthetic_947,START,2024-01-01 00:00:00
synthetic_947,5,2024-01-01 01:00:00
synthetic_947,6,2024-01-01 02:00:00
synthetic_947,8,2024-01-01 03:00:00
synthetic_947,START,2024-01-01 04:00:00
synthetic_947,1,2024-01-01 05:00:00
synthetic_947,1,2024-01-01 06:00:00
synthetic_947,1,2024-01-01 07:00:00
synthetic_948,START,2024-01-01 00:00:00
synthetic_948,START,2024-01-01 01:00:00
synthetic_948,6,2024-01-01 02:00:00
synthetic_948,6,2024-01-01 03:00:00
synthetic_948,START,2024-01-01 04:00:00
synthetic_948,START,2024-01-01 05:00:00
synthetic_948,3,2024-01-01 06:00:00
synthetic_948,1,2024-01-01 07:00:00
synthetic_948,1,2024-01-01 08:00:00
synthetic_949,1,2024-01-01 00:00:00
synthetic_949,START,2024-01-01 01:00:00
synthetic_949,6,2024-01-01 02:00:00
synthetic_949,START,2024-01-01 03:00:00
synthetic_949,3,2024-01-01 04:00:00
synthetic_949,2,2024-01-01 05:00:00
synthetic_949,4,2024-01-01 06:00:00
synthetic_949,5,2024-01-01 07:00:00
synthetic_949,2,2024-01-01 08:00:00
synthetic_950,START,2024-01-01 00:00:00
synthetic_950,1,2024-01-01 01:00:00
synthetic_950,START,2024-01-01 02:00:00
synthetic_950,5,2024-01-01 03:00:00
synthetic_950,2,2024-01-01 04:00:00
synthetic_951,START,2024-01-01 00:00:00
synthetic_951,START,2024-01-01 01:00:00
synthetic_951,START,2024-01-01 02:00:00
synthetic_951,6,2024-01-01 03:00:00
synthetic_951,5,2024-01-01 04:00:00
synthetic_951,6,2024-01-01 05:00:00
synthetic_952,START,2024-01-01 00:00:00
synthetic_952,START,2024-01-01 01:00:00
synthetic_952,START,2024-01-01 02:00:00
synthetic_952,1,2024-01-01 03:00:00
synthetic_952,9,2024-01-01 04:00:00
synthetic_952,START,2024-01-01 05:00:00
synthetic_952,5,2024-01-01 06:00:00
synthetic_953,START,2024-01-01 00:00:00
synthetic_953,START,2024-01-01 01:00:00
synthetic_953,START,2024-01-01 02:00:00
synthetic_953,START,2024-01-01 03:00:00
synthetic_953,2,2024-01-01 04:00:00
synthetic_953,1,2024-01-01 05:00:00
synthetic_953,START,2024-01-01 06:00:00
synthetic_954,START,2024-01-01 00:00:00
synthetic_954,START,2024-01-01 01:00:00
synthetic_954,START,2024-01-01 02:00:00
synthetic_954,6,2024-01-01 03:00:00
synthetic_954,4,2024-01-01 04:00:00
synthetic_954,2,2024-01-01 05:00:00
synthetic_955,2,2024-01-01 00:00:00
synthetic_955,START,2024-01-01 01:00:00
synthetic_955,4,2024-01-01 02:00:00
synthetic_956,START,2024-01-01 00:00:00
synthetic_956,START,2024-01-01 01:00:00
synthetic_956,START,2024-01-01 02:00:00
synthetic_956,START,2024-01-01 03:00:00
synthetic_956,1,2024-01-01 04:00:00
synthetic_956,5,2024-01-01 05:00:00
synthetic_956,START,2024-01-01 06:00:00
synthetic_956,3,2024-01-01 07:00:00
synthetic_957,START,2024-01-01 00:00:00
synthetic_957,6,2024-01-01 01:00:00
synthetic_957,START,2024-01-01 02:00:00
synthetic_957,1,2024-01-01 03:00:00
synthetic_957,8,2024-01-01 04:00:00
synthetic_957,5,2024-01-01 05:00:00
synthetic_957,4,2024-01-01 06:00:00
synthetic_957,5,2024-01-01 07:00:00
synthetic_958,START,2024-01-01 00:00:00
synthetic_958,START,2024-01-01 01:00:00
synthetic_958,8,2024-01-01 02:00:00
synthetic_958,START,2024-01-01 03:00:00
synthetic_958,START,2024-01-01 04:00:00
synthetic_958,1,2024-01-01 05:00:00
synthetic_958,9,2024-01-01 06:00:00
synthetic_959,START,2024-01-01 00:00:00
synthetic_959,START,2024-01-01 01:00:00
synthetic_959,5,2024-01-01 02:00:00
synthetic_959,2,2024-01-01 03:00:00
synthetic_959,START,2024-01-01 04:00:00
synthetic_960,3,2024-01-01 00:00:00
synthetic_960,START,2024-01-01 01:00:00
synthetic_960,START,2024-01-01 02:00:00
synthetic_960,START,2024-01-01 03:00:00
synthetic_960,START,2024-01-01 04:00:00
synthetic_960,3,2024-01-01 05:00:00
synthetic_960,START,2024-01-01 06:00:00
synthetic_961,START,2024-01-01 00:00:00
synthetic_961,START,2024-01-01 01:00:00
synthetic_961,START,2024-01-01 02:00:00
synthetic_961,START,2024-01-01 03:00:00
synthetic_961,5,2024-01-01 04:00:00
synthetic_961,3,2024-01-01 05:00:00
synthetic_961,9,2024-01-01 06:00:00
synthetic_962,8,2024-01-01 00:00:00
synthetic_962,6,2024-01-01 01:00:00
synthetic_962,5,2024-01-01 02:00:00
synthetic_962,6,2024-01-01 03:00:00
synthetic_963,START,2024-01-01 00:00:00
synthetic_963,START,2024-01-01 01:00:00
synthetic_963,3,2024-01-01 02:00:00
synthetic_963,4,2024-01-01 03:00:00
synthetic_963,START,2024-01-01 04:00:00
synthetic_963,START,2024-01-01 05:00:00
synthetic_963,1,2024-01-01 06:00:00
synthetic_963,1,2024-01-01 07:00:00
synthetic_964,START,2024-01-01 00:00:00
synthetic_964,9,2024-01-01 01:00:00
synthetic_964,START,2024-01-01 02:00:00
synthetic_964,1,2024-01-01 03:00:00
synthetic_964,START,2024-01-01 04:00:00
synthetic_964,5,2024-01-01 05:00:00
synthetic_964,2,2024-01-01 06:00:00
synthetic_964,6,2024-01-01 07:00:00
synthetic_965,START,2024-01-01 00:00:00
synthetic_965,START,2024-01-01 01:00:00
synthetic_965,START,2024-01-01 02:00:00
synthetic_965,START,2024-01-01 03:00:00
synthetic_965,START,2024-01-01 04:00:00
synthetic_965,START,2024-01-01 05:00:00
synthetic_965,5,2024-01-01 06:00:00
synthetic_965,6,2024-01-01 07:00:00
synthetic_965,START,2024-01-01 08:00:00
synthetic_966,START,2024-01-01 00:00:00
synthetic_966,START,2024-01-01 01:00:00
synthetic_966,3,2024-01-01 02:00:00
synthetic_966,START,2024-01-01 03:00:00
synthetic_966,START,2024-01-01 04:00:00
synthetic_966,START,2024-01-01 05:00:00
synthetic_966,START,2024-01-01 06:00:00
synthetic_967,4,2024-01-01 00:00:00
synthetic_967,START,2024-01-01 01:00:00
synthetic_967,START,2024-01-01 02:00:00
synthetic_967,START,2024-01-01 03:00:00
synthetic_967,1,2024-01-01 04:00:00
synthetic_968,START,2024-01-01 00:00:00
synthetic_968,START,2024-01-01 01:00:00
synthetic_968,START,2024-01-01 02:00:00
synthetic_968,7,2024-01-01 03:00:00
synthetic_968,2,2024-01-01 04:00:00
synthetic_968,START,2024-01-01 05:00:00
synthetic_969,7,2024-01-01 00:00:00
synthetic_969,START,2024-01-01 01:00:00
synthetic_969,START,2024-01-01 02:00:00
synthetic_969,6,2024-01-01 03:00:00
synthetic_969,START,2024-01-01 04:00:00
synthetic_969,START,2024-01-01 05:00:00
synthetic_969,6,2024-01-01 06:00:00
synthetic_970,5,2024-01-01 00:00:00
synthetic_970,START,2024-01-01 01:00:00
synthetic_970,START,2024-01-01 02:00:00
synthetic_970,START,2024-01-01 03:00:00
synthetic_970,5,2024-01-01 04:00:00
synthetic_970,2,2024-01-01 05:00:00
synthetic_970,3,2024-01-01 06:00:00
synthetic_971,START,2024-01-01 00:00:00
synthetic_971,START,2024-01-01 01:00:00
synthetic_971,START,2024-01-01 02:00:00
synthetic_971,START,2024-01-01 03:00:00
synthetic_971,1,2024-01-01 04:00:00
synthetic_971,9,2024-01-01 05:00:00
synthetic_971,START,2024-01-01 06:00:00
synthetic_971,7,2024-01-01 07:00:00
synthetic_972,START,2024-01-01 00:00:00
synthetic_972,START,2024-01-01 01:00:00
synthetic_972,6,2024-01-01 02:00:00
synthetic_972,START,2024-01-01 03:00:00
synthetic_972,1,2024-01-01 04:00:00
synthetic_972,5,2024-01-01 05:00:00
synthetic_972,5,2024-01-01 06:00:00
synthetic_972,START,2024-01-01 07:00:00
synthetic_973,START,2024-01-01 00:00:00
synthetic_973,START,2024-01-01 01:00:00
synthetic_973,START,2024-01-01 02:00:00
synthetic_973,START,2024-01-01 03:00:00
synthetic_973,5,2024-01-01 04:00:00
synthetic_973,3,2024-01-01 05:00:00
synthetic_974,START,2024-01-01 00:00:00
synthetic_974,START,2024-01-01 01:00:00
synthetic_974,START,2024-01-01 02:00:00
synthetic_974,2,2024-01-01 03:00:00
synthetic_974,9,2024-01-01 04:00:00
synthetic_974,6,2024-01-01 05:00:00
synthetic_974,8,2024-01-01 06:00:00
synthetic_975,START,2024-01-01 00:00:00
synthetic_975,START,2024-01-01 01:00:00
synthetic_975,START,2024-01-01 02:00:00
synthetic_975,START,2024-01-01 03:00:00
synthetic_975,START,2024-01-01 04:00:00
synthetic_975,1,2024-01-01 05:00:00
synthetic_975,8,2024-01-01 06:00:00
synthetic_976,START,2024-01-01 00:00:00
synthetic_976,START,2024-01-01 01:00:00
synthetic_976,1,2024-01-01 02:00:00
synthetic_976,5,2024-01-01 03:00:00
synthetic_976,START,2024-01-01 04:00:00
synthetic_976,6,2024-01-01 05:00:00
synthetic_977,4,2024-01-01 00:00:00
synthetic_977,START,2024-01-01 01:00:00
synthetic_977,5,2024-01-01 02:00:00
synthetic_977,START,2024-01-01 03:00:00
synthetic_977,5,2024-01-01 04:00:00
synthetic_977,4,2024-01-01 05:00:00
synthetic_977,4,2024-01-01 06:00:00
synthetic_977,START,2024-01-01 07:00:00
synthetic_977,4,2024-01-01 08:00:00
synthetic_978,START,2024-01-01 00:00:00
synthetic_978,START,2024-01-01 01:00:00
synthetic_978,START,2024-01-01 02:00:00
synthetic_978,START,2024-01-01 03:00:00
synthetic_978,6,2024-01-01 04:00:00
synthetic_978,9,2024-01-01 05:00:00
synthetic_979,START,2024-01-01 00:00:00
synthetic_979,START,2024-01-01 01:00:00
synthetic_979,6,2024-01-01 02:00:00
synthetic_979,START,2024-01-01 03:00:00
synthetic_979,1,2024-01-01 04:00:00
synthetic_979,1,2024-01-01 05:00:00
synthetic_979,9,2024-01-01 06:00:00
synthetic_979,6,2024-01-01 07:00:00
synthetic_979,3,2024-01-01 08:00:00
synthetic_980,START,2024-01-01 00:00:00
synthetic_980,START,2024-01-01 01:00:00
synthetic_980,START,2024-01-01 02:00:00
synthetic_980,1,2024-01-01 03:00:00
synthetic_980,START,2024-01-01 04:00:00
synthetic_980,1,2024-01-01 05:00:00
synthetic_980,5,2024-01-01 06:00:00
synthetic_981,START,2024-01-01 00:00:00
synthetic_981,START,2024-01-01 01:00:00
synthetic_981,START,2024-01-01 02:00:00
synthetic_981,2,2024-01-01 03:00:00
synthetic_981,9,2024-01-01 04:00:00
synthetic_981,1,2024-01-01 05:00:00
synthetic_981,START,2024-01-01 06:00:00
synthetic_981,START,2024-01-01 07:00:00
synthetic_981,START,2024-01-01 08:00:00
synthetic_981,6,2024-01-01 09:00:00
synthetic_982,START,2024-01-01 00:00:00
synthetic_982,START,2024-01-01 01:00:00
synthetic_982,6,2024-01-01 02:00:00
synthetic_982,START,2024-01-01 03:00:00
synthetic_982,START,2024-01-01 04:00:00
synthetic_982,1,2024-01-01 05:00:00
synthetic_982,5,2024-01-01 06:00:00
synthetic_983,5,2024-01-01 00:00:00
synthetic_983,START,2024-01-01 01:00:00
synthetic_983,START,2024-01-01 02:00:00
synthetic_983,2,2024-01-01 03:00:00
synthetic_983,3,2024-01-01 04:00:00
synthetic_984,START,2024-01-01 00:00:00
synthetic_984,9,2024-01-01 01:00:00
synthetic_984,START,2024-01-01 02:00:00
synthetic_984,START,2024-01-01 03:00:00
synthetic_984,3,2024-01-01 04:00:00
synthetic_984,START,2024-01-01 05:00:00
synthetic_984,START,2024-01-01 06:00:00
synthetic_984,2,2024-01-01 07:00:00
synthetic_984,3,2024-01-01 08:00:00
synthetic_984,6,2024-01-01 09:00:00
synthetic_985,START,2024-01-01 00:00:00
synthetic_985,START,2024-01-01 01:00:00
synthetic_985,START,2024-01-01 02:00:00
synthetic_985,START,2024-01-01 03:00:00
synthetic_985,3,2024-01-01 04:00:00
synthetic_985,START,2024-01-01 05:00:00
synthetic_985,5,2024-01-01 06:00:00
synthetic_985,START,2024-01-01 07:00:00
synthetic_985,START,2024-01-01 08:00:00
synthetic_986,START,2024-01-01 00:00:00
synthetic_986,START,2024-01-01 01:00:00
synthetic_986,4,2024-01-01 02:00:00
synthetic_986,4,2024-01-01 03:00:00
synthetic_986,START,2024-01-01 04:00:00
synthetic_986,START,2024-01-01 05:00:00
synthetic_986,6,2024-01-01 06:00:00
synthetic_986,2,2024-01-01 07:00:00
synthetic_986,2,2024-01-01 08:00:00
synthetic_987,START,2024-01-01 00:00:00
synthetic_987,START,2024-01-01 01:00:00
synthetic_987,1,2024-01-01 02:00:00
synthetic_987,START,2024-01-01 03:00:00
synthetic_987,START,2024-01-01 04:00:00
synthetic_987,START,2024-01-01 05:00:00
synthetic_988,START,2024-01-01 00:00:00
synthetic_988,START,2024-01-01 01:00:00
synthetic_988,START,2024-01-01 02:00:00
synthetic_988,3,2024-01-01 03:00:00
synthetic_989,START,2024-01-01 00:00:00
synthetic_989,START,2024-01-01 01:00:00
synthetic_989,START,2024-01-01 02:00:00
synthetic_989,5,2024-01-01 03:00:00
synthetic_989,8,2024-01-01 04:00:00
synthetic_989,9,2024-01-01 05:00:00
synthetic_989,7,2024-01-01 06:00:00
synthetic_990,START,2024-01-01 00:00:00
synthetic_990,START,2024-01-01 01:00:00
synthetic_990,START,2024-01-01 02:00:00
synthetic_990,6,2024-01-01 03:00:00
synthetic_990,1,2024-01-01 04:00:00
synthetic_990,START,2024-01-01 05:00:00
synthetic_991,START,2024-01-01 00:00:00
synthetic_991,START,2024-01-01 01:00:00
synthetic_991,START,2024-01-01 02:00:00
synthetic_991,START,2024-01-01 03:00:00
synthetic_991,START,2024-01-01 04:00:00
synthetic_991,5,2024-01-01 05:00:00
synthetic_992,START,2024-01-01 00:00:00
synthetic_992,START,2024-01-01 01:00:00
synthetic_992,START,2024-01-01 02:00:00
synthetic_992,3,2024-01-01 03:00:00
synthetic_992,9,2024-01-01 04:00:00
synthetic_992,6,2024-01-01 05:00:00
synthetic_993,START,2024-01-01 00:00:00
synthetic_993,5,2024-01-01 01:00:00
synthetic_993,START,2024-01-01 02:00:00
synthetic_993,START,2024-01-01 03:00:00
synthetic_993,8,2024-01-01 04:00:00
synthetic_993,START,2024-01-01 05:00:00
synthetic_993,START,2024-01-01 06:00:00
synthetic_993,START,2024-01-01 07:00:00
synthetic_993,5,2024-01-01 08:00:00
synthetic_994,7,2024-01-01 00:00:00
synthetic_994,START,2024-01-01 01:00:00
synthetic_994,START,2024-01-01 02:00:00
synthetic_994,9,2024-01-01 03:00:00
synthetic_994,5,2024-01-01 04:00:00
synthetic_994,1,2024-01-01 05:00:00
synthetic_995,START,2024-01-01 00:00:00
synthetic_995,START,2024-01-01 01:00:00
synthetic_995,START,2024-01-01 02:00:00
synthetic_995,9,2024-01-01 03:00:00
synthetic_995,3,2024-01-01 04:00:00
synthetic_995,7,2024-01-01 05:00:00
synthetic_995,3,2024-01-01 06:00:00
synthetic_995,1,2024-01-01 07:00:00
synthetic_995,5,2024-01-01 08:00:00
synthetic_996,START,2024-01-01 00:00:00
synthetic_996,START,2024-01-01 01:00:00
synthetic_996,START,2024-01-01 02:00:00
synthetic_996,1,2024-01-01 03:00:00
synthetic_996,START,2024-01-01 04:00:00
synthetic_996,START,2024-01-01 05:00:00
synthetic_996,5,2024-01-01 06:00:00
synthetic_997,3,2024-01-01 00:00:00
synthetic_997,START,2024-01-01 01:00:00
synthetic_997,1,2024-01-01 02:00:00
synthetic_997,START,2024-01-01 03:00:00
synthetic_997,START,2024-01-01 04:00:00
synthetic_997,1,2024-01-01 05:00:00
synthetic_997,6,2024-01-01 06:00:00
synthetic_997,1,2024-01-01 07:00:00
synthetic_997,1,2024-01-01 08:00:00
synthetic_998,START,2024-01-01 00:00:00
synthetic_998,START,2024-01-01 01:00:00
synthetic_998,2,2024-01-01 02:00:00
synthetic_998,START,2024-01-01 03:00:00
synthetic_998,START,2024-01-01 04:00:00
synthetic_998,5,2024-01-01 05:00:00
synthetic_999,START,2024-01-01 00:00:00
synthetic_999,START,2024-01-01 01:00:00
synthetic_999,START,2024-01-01 02:00:00
synthetic_999,START,2024-01-01 03:00:00
synthetic_999,5,2024-01-01 04:00:00
synthetic_999,1,2024-01-01 05:00:00
synthetic_999,1,2024-01-01 06:00:00
synthetic_1000,3,2024-01-01 00:00:00
synthetic_1000,START,2024-01-01 01:00:00
synthetic_1000,START,2024-01-01 02:00:00
synthetic_1000,1,2024-01-01 03:00:00
synthetic_1000,START,2024-01-01 04:00:00
synthetic_1000,START,2024-01-01 05:00:00
synthetic_1000,5,2024-01-01 06:00:00
synthetic_1000,1,2024-01-01 07:00:00
